Document ID,Facility ID,link,Document Type,Tenant ID
9f47530e-9a62-4bec-99d0-3f034ffcf378,09b09bdc-98e1-48ef-b51f-2a08c258bbda,https://s3.us-east-1.amazonaws.com/storage.complyauto.com/safety/5aa8feab-9558-4b1b-963e-051e14c05b3b/safetyAssessment/facilityDiagram/aa567798-d576-480e-ab8a-061e419e549b/Infinity%20of%20Tallahassee%20%28copy%29.png?X-Amz-Algorithm=AWS4-HMAC-SHA256&X-Amz-Content-Sha256=UNSIGNED-PAYLOAD&X-Amz-Credential=AKIA45VTHIYLIIVESHIB%2F20240228%2Fus-east-1%2Fs3%2Faws4_request&X-Amz-Date=20240228T170540Z&X-Amz-Expires=604800&X-Amz-Signature=7c0306f0870d347d8435dd089d5a407d2ffcf99ceb78ec10536e6df37f296569&X-Amz-SignedHeaders=host&x-id=GetObject,,5aa8feab-9558-4b1b-963e-051e14c05b3b
1cf05df8-ff91-4274-9e9f-68bdc9cc89f9,09b09bdc-98e1-48ef-b51f-2a08c258bbda,https://s3.us-east-1.amazonaws.com/storage.complyauto.com/safety/5aa8feab-9558-4b1b-963e-051e14c05b3b/safetyAssessment/facilityDiagram/1837fac3-ba89-4324-a774-8aad491cf149/service%20dept%20evac%20map.pdf?X-Amz-Algorithm=AWS4-HMAC-SHA256&X-Amz-Content-Sha256=UNSIGNED-PAYLOAD&X-Amz-Credential=AKIA45VTHIYLIIVESHIB%2F20240228%2Fus-east-1%2Fs3%2Faws4_request&X-Amz-Date=20240228T170540Z&X-Amz-Expires=604800&X-Amz-Signature=b6c81d1ed5c1f08cbc7967a40f154f7f7c9f3186074fd805a7e7cac8796ba193&X-Amz-SignedHeaders=host&x-id=GetObject,,5aa8feab-9558-4b1b-963e-051e14c05b3b
ba2ca2f5-0c19-46b7-8fcc-bec7e81aad5c,09b09bdc-98e1-48ef-b51f-2a08c258bbda,https://s3.us-east-1.amazonaws.com/storage.complyauto.com/safety/5aa8feab-9558-4b1b-963e-051e14c05b3b/safetyAssessment/facilityDiagram/2ad98678-a3c3-4a0d-877b-4a061b537b70/2%20admin.pdf?X-Amz-Algorithm=AWS4-HMAC-SHA256&X-Amz-Content-Sha256=UNSIGNED-PAYLOAD&X-Amz-Credential=AKIA45VTHIYLIIVESHIB%2F20240228%2Fus-east-1%2Fs3%2Faws4_request&X-Amz-Date=20240228T170540Z&X-Amz-Expires=604800&X-Amz-Signature=134d1d629701048b2635cc240c135fb520a56de0b0dc34ba7412acc02a742c28&X-Amz-SignedHeaders=host&x-id=GetObject,,
987bb5ef-454d-452e-aca2-6d8bdfde4e6b,09b09bdc-98e1-48ef-b51f-2a08c258bbda,https://s3.us-east-1.amazonaws.com/storage.complyauto.com/safety/5aa8feab-9558-4b1b-963e-051e14c05b3b/safetyAssessment/facilityDiagram/d985c31d-5df5-405e-bf24-0610d6b4927b/1%20Overall%20site%20plan.pdf?X-Amz-Algorithm=AWS4-HMAC-SHA256&X-Amz-Content-Sha256=UNSIGNED-PAYLOAD&X-Amz-Credential=AKIA45VTHIYLIIVESHIB%2F20240228%2Fus-east-1%2Fs3%2Faws4_request&X-Amz-Date=20240228T170540Z&X-Amz-Expires=604800&X-Amz-Signature=ebe7b718db62ed9003258ce4520154c53e4fa0879710f8cb629022332ab8fc87&X-Amz-SignedHeaders=host&x-id=GetObject,,
62c63ec8-e230-414b-9e96-55016c672cd4,09b09bdc-98e1-48ef-b51f-2a08c258bbda,https://s3.us-east-1.amazonaws.com/storage.complyauto.com/safety/5aa8feab-9558-4b1b-963e-051e14c05b3b/safetyAssessment/facilityDiagram/4f7dbce8-9346-4d70-9078-358f110b99c4/4Technician%20Lounge%20final.pdf?X-Amz-Algorithm=AWS4-HMAC-SHA256&X-Amz-Content-Sha256=UNSIGNED-PAYLOAD&X-Amz-Credential=AKIA45VTHIYLIIVESHIB%2F20240228%2Fus-east-1%2Fs3%2Faws4_request&X-Amz-Date=20240228T170540Z&X-Amz-Expires=604800&X-Amz-Signature=16bedd522bbc47ce5559a5738efd8142288e4f02ea67dc5c5974f526d1391d92&X-Amz-SignedHeaders=host&x-id=GetObject,,
bd44d551-11bd-44f2-8432-c81e73db9745,09b09bdc-98e1-48ef-b51f-2a08c258bbda,https://s3.us-east-1.amazonaws.com/storage.complyauto.com/safety/5aa8feab-9558-4b1b-963e-051e14c05b3b/safetyAssessment/facilityDiagram/6be289ed-c706-4104-88a6-2c8d88a042ac/6%20Tool%20Room%20final.pdf?X-Amz-Algorithm=AWS4-HMAC-SHA256&X-Amz-Content-Sha256=UNSIGNED-PAYLOAD&X-Amz-Credential=AKIA45VTHIYLIIVESHIB%2F20240228%2Fus-east-1%2Fs3%2Faws4_request&X-Amz-Date=20240228T170540Z&X-Amz-Expires=604800&X-Amz-Signature=f9a378b7561f10a0e546faeca3548ef535196316764e3d36e490229370013f2c&X-Amz-SignedHeaders=host&x-id=GetObject,,
421bd52d-5aa3-4a46-bed1-95498015baa3,09b09bdc-98e1-48ef-b51f-2a08c258bbda,https://s3.us-east-1.amazonaws.com/storage.complyauto.com/safety/5aa8feab-9558-4b1b-963e-051e14c05b3b/safetyAssessment/facilityDiagram/c97e92d4-bc9d-4887-8a58-7103af62a369/3%20Parts%20Dept%20Evac.pdf?X-Amz-Algorithm=AWS4-HMAC-SHA256&X-Amz-Content-Sha256=UNSIGNED-PAYLOAD&X-Amz-Credential=AKIA45VTHIYLIIVESHIB%2F20240228%2Fus-east-1%2Fs3%2Faws4_request&X-Amz-Date=20240228T170540Z&X-Amz-Expires=604800&X-Amz-Signature=5a44c7d23d193987b07daec39bf8b07df4f1fb04e120754d66952498e517178c&X-Amz-SignedHeaders=host&x-id=GetObject,,
8fbfb8d0-32b1-4a94-b8b8-aa04321ae72b,09b09bdc-98e1-48ef-b51f-2a08c258bbda,https://s3.us-east-1.amazonaws.com/storage.complyauto.com/safety/5aa8feab-9558-4b1b-963e-051e14c05b3b/safetyAssessment/facilityDiagram/a904ebff-d8f8-4317-8ab0-4a0ccbd7e1d2/Showroom%20Evac%20and%20Eqmt.pdf?X-Amz-Algorithm=AWS4-HMAC-SHA256&X-Amz-Content-Sha256=UNSIGNED-PAYLOAD&X-Amz-Credential=AKIA45VTHIYLIIVESHIB%2F20240228%2Fus-east-1%2Fs3%2Faws4_request&X-Amz-Date=20240228T170540Z&X-Amz-Expires=604800&X-Amz-Signature=01a92284e8385a897b1925a2202bd0cba0b979b71446b8f79ccc684e6608fd69&X-Amz-SignedHeaders=host&x-id=GetObject,,
9df20bb8-dcce-40b5-98de-5f5ebb768b9f,09b09bdc-98e1-48ef-b51f-2a08c258bbda,https://s3.us-east-1.amazonaws.com/storage.complyauto.com/safety/5aa8feab-9558-4b1b-963e-051e14c05b3b/facilityDiagram/ee18504c-ec28-48f8-898a-d96515cc526f/map.pdf?X-Amz-Algorithm=AWS4-HMAC-SHA256&X-Amz-Content-Sha256=UNSIGNED-PAYLOAD&X-Amz-Credential=AKIA45VTHIYLIIVESHIB%2F20240228%2Fus-east-1%2Fs3%2Faws4_request&X-Amz-Date=20240228T170540Z&X-Amz-Expires=604800&X-Amz-Signature=59e5f898b6d19cf26118f1f611c7393f9f1edb1df28732959f38f53be83912b5&X-Amz-SignedHeaders=host&x-id=GetObject,,
5ab75ee4-e72c-49fa-be1f-96dbb67abf47,09b09bdc-98e1-48ef-b51f-2a08c258bbda,https://s3.us-east-1.amazonaws.com/storage.complyauto.com/safety/5aa8feab-9558-4b1b-963e-051e14c05b3b/facilityDiagram/9078f72d-5b5d-4ea6-b6b3-4067e83dfc03/1%20Overall%20site%20plan.pdf?X-Amz-Algorithm=AWS4-HMAC-SHA256&X-Amz-Content-Sha256=UNSIGNED-PAYLOAD&X-Amz-Credential=AKIA45VTHIYLIIVESHIB%2F20240228%2Fus-east-1%2Fs3%2Faws4_request&X-Amz-Date=20240228T170540Z&X-Amz-Expires=604800&X-Amz-Signature=935d1da80181f1065e6023b57253fa30d0373639cc0c3db258b4932e881bdf7f&X-Amz-SignedHeaders=host&x-id=GetObject,,
bd4bfd41-4561-4471-921a-0032d7d350f5,09b09bdc-98e1-48ef-b51f-2a08c258bbda,https://s3.us-east-1.amazonaws.com/storage.complyauto.com/safety/5aa8feab-9558-4b1b-963e-051e14c05b3b/facilityDiagram/8a55dd0b-3777-49e2-b258-795b33b3c828/6%20Tool%20Room%20final.pdf?X-Amz-Algorithm=AWS4-HMAC-SHA256&X-Amz-Content-Sha256=UNSIGNED-PAYLOAD&X-Amz-Credential=AKIA45VTHIYLIIVESHIB%2F20240228%2Fus-east-1%2Fs3%2Faws4_request&X-Amz-Date=20240228T170540Z&X-Amz-Expires=604800&X-Amz-Signature=d535539382f0d617c628f5cbf63650ab8cf34a4bee84cfed8d9fe7e09a6be797&X-Amz-SignedHeaders=host&x-id=GetObject,,
f1b60242-ab04-41d4-9f02-24788be06434,09b09bdc-98e1-48ef-b51f-2a08c258bbda,https://s3.us-east-1.amazonaws.com/storage.complyauto.com/safety/5aa8feab-9558-4b1b-963e-051e14c05b3b/facilityDiagram/416f5dd6-f1cf-4913-aff1-8e9e7394671c/2%20admin.pdf?X-Amz-Algorithm=AWS4-HMAC-SHA256&X-Amz-Content-Sha256=UNSIGNED-PAYLOAD&X-Amz-Credential=AKIA45VTHIYLIIVESHIB%2F20240228%2Fus-east-1%2Fs3%2Faws4_request&X-Amz-Date=20240228T170540Z&X-Amz-Expires=604800&X-Amz-Signature=36634b2c954ab945d32000e848f2a999d2c68f89e18df232f2c1ae28db7a149c&X-Amz-SignedHeaders=host&x-id=GetObject,,
c97096ed-4702-4c99-ab89-2d244353987b,09b09bdc-98e1-48ef-b51f-2a08c258bbda,https://s3.us-east-1.amazonaws.com/storage.complyauto.com/safety/5aa8feab-9558-4b1b-963e-051e14c05b3b/facilityDiagram/848aa4b1-c10a-44c2-a792-8b50781da5cb/3%20Parts%20Dept%20Evac.pdf?X-Amz-Algorithm=AWS4-HMAC-SHA256&X-Amz-Content-Sha256=UNSIGNED-PAYLOAD&X-Amz-Credential=AKIA45VTHIYLIIVESHIB%2F20240228%2Fus-east-1%2Fs3%2Faws4_request&X-Amz-Date=20240228T170540Z&X-Amz-Expires=604800&X-Amz-Signature=3db6fff064ceeff387e73d8535245784fcf3b52cd1ad4c31dfabdf07ae284c85&X-Amz-SignedHeaders=host&x-id=GetObject,,
09ab8b3d-5950-42b9-86a6-d8b00fd5311c,09b09bdc-98e1-48ef-b51f-2a08c258bbda,https://s3.us-east-1.amazonaws.com/storage.complyauto.com/safety/5aa8feab-9558-4b1b-963e-051e14c05b3b/facilityDiagram/69cc3b8f-93d9-4c52-b346-b46af4e09e19/service%20dept%20evac%20map.pdf?X-Amz-Algorithm=AWS4-HMAC-SHA256&X-Amz-Content-Sha256=UNSIGNED-PAYLOAD&X-Amz-Credential=AKIA45VTHIYLIIVESHIB%2F20240228%2Fus-east-1%2Fs3%2Faws4_request&X-Amz-Date=20240228T170540Z&X-Amz-Expires=604800&X-Amz-Signature=d9427bdd568001a740457d7f6328cf20f131f133f4c7cefef969b43857920773&X-Amz-SignedHeaders=host&x-id=GetObject,,
5683bb33-57db-4f4e-9d71-88e5df872127,09b09bdc-98e1-48ef-b51f-2a08c258bbda,https://s3.us-east-1.amazonaws.com/storage.complyauto.com/safety/5aa8feab-9558-4b1b-963e-051e14c05b3b/facilityDiagram/9c63bfb2-e024-4a45-a6dd-510317ed4ec3/Showroom%20Evac%20and%20Eqmt.pdf?X-Amz-Algorithm=AWS4-HMAC-SHA256&X-Amz-Content-Sha256=UNSIGNED-PAYLOAD&X-Amz-Credential=AKIA45VTHIYLIIVESHIB%2F20240228%2Fus-east-1%2Fs3%2Faws4_request&X-Amz-Date=20240228T170540Z&X-Amz-Expires=604800&X-Amz-Signature=dde370d408c9c1c86a10d97d62e5b11e094b498a0bc63aa804e1c7f312ad42d2&X-Amz-SignedHeaders=host&x-id=GetObject,,
9f47530e-9a62-4bec-99d0-3f034ffcf378,e1be0f04-e144-4fb4-9e7c-bae169e28fc5,https://s3.us-east-1.amazonaws.com/storage.complyauto.com/safety/5aa8feab-9558-4b1b-963e-051e14c05b3b/safetyAssessment/facilityDiagram/aa567798-d576-480e-ab8a-061e419e549b/Infinity%20of%20Tallahassee%20%28copy%29.png?X-Amz-Algorithm=AWS4-HMAC-SHA256&X-Amz-Content-Sha256=UNSIGNED-PAYLOAD&X-Amz-Credential=AKIA45VTHIYLIIVESHIB%2F20240228%2Fus-east-1%2Fs3%2Faws4_request&X-Amz-Date=20240228T170540Z&X-Amz-Expires=604800&X-Amz-Signature=7c0306f0870d347d8435dd089d5a407d2ffcf99ceb78ec10536e6df37f296569&X-Amz-SignedHeaders=host&x-id=GetObject,,
1cf05df8-ff91-4274-9e9f-68bdc9cc89f9,e1be0f04-e144-4fb4-9e7c-bae169e28fc5,https://s3.us-east-1.amazonaws.com/storage.complyauto.com/safety/5aa8feab-9558-4b1b-963e-051e14c05b3b/safetyAssessment/facilityDiagram/1837fac3-ba89-4324-a774-8aad491cf149/service%20dept%20evac%20map.pdf?X-Amz-Algorithm=AWS4-HMAC-SHA256&X-Amz-Content-Sha256=UNSIGNED-PAYLOAD&X-Amz-Credential=AKIA45VTHIYLIIVESHIB%2F20240228%2Fus-east-1%2Fs3%2Faws4_request&X-Amz-Date=20240228T170540Z&X-Amz-Expires=604800&X-Amz-Signature=b6c81d1ed5c1f08cbc7967a40f154f7f7c9f3186074fd805a7e7cac8796ba193&X-Amz-SignedHeaders=host&x-id=GetObject,,
ba2ca2f5-0c19-46b7-8fcc-bec7e81aad5c,e1be0f04-e144-4fb4-9e7c-bae169e28fc5,https://s3.us-east-1.amazonaws.com/storage.complyauto.com/safety/5aa8feab-9558-4b1b-963e-051e14c05b3b/safetyAssessment/facilityDiagram/2ad98678-a3c3-4a0d-877b-4a061b537b70/2%20admin.pdf?X-Amz-Algorithm=AWS4-HMAC-SHA256&X-Amz-Content-Sha256=UNSIGNED-PAYLOAD&X-Amz-Credential=AKIA45VTHIYLIIVESHIB%2F20240228%2Fus-east-1%2Fs3%2Faws4_request&X-Amz-Date=20240228T170540Z&X-Amz-Expires=604800&X-Amz-Signature=134d1d629701048b2635cc240c135fb520a56de0b0dc34ba7412acc02a742c28&X-Amz-SignedHeaders=host&x-id=GetObject,,
987bb5ef-454d-452e-aca2-6d8bdfde4e6b,e1be0f04-e144-4fb4-9e7c-bae169e28fc5,https://s3.us-east-1.amazonaws.com/storage.complyauto.com/safety/5aa8feab-9558-4b1b-963e-051e14c05b3b/safetyAssessment/facilityDiagram/d985c31d-5df5-405e-bf24-0610d6b4927b/1%20Overall%20site%20plan.pdf?X-Amz-Algorithm=AWS4-HMAC-SHA256&X-Amz-Content-Sha256=UNSIGNED-PAYLOAD&X-Amz-Credential=AKIA45VTHIYLIIVESHIB%2F20240228%2Fus-east-1%2Fs3%2Faws4_request&X-Amz-Date=20240228T170540Z&X-Amz-Expires=604800&X-Amz-Signature=ebe7b718db62ed9003258ce4520154c53e4fa0879710f8cb629022332ab8fc87&X-Amz-SignedHeaders=host&x-id=GetObject,,
62c63ec8-e230-414b-9e96-55016c672cd4,e1be0f04-e144-4fb4-9e7c-bae169e28fc5,https://s3.us-east-1.amazonaws.com/storage.complyauto.com/safety/5aa8feab-9558-4b1b-963e-051e14c05b3b/safetyAssessment/facilityDiagram/4f7dbce8-9346-4d70-9078-358f110b99c4/4Technician%20Lounge%20final.pdf?X-Amz-Algorithm=AWS4-HMAC-SHA256&X-Amz-Content-Sha256=UNSIGNED-PAYLOAD&X-Amz-Credential=AKIA45VTHIYLIIVESHIB%2F20240228%2Fus-east-1%2Fs3%2Faws4_request&X-Amz-Date=20240228T170540Z&X-Amz-Expires=604800&X-Amz-Signature=16bedd522bbc47ce5559a5738efd8142288e4f02ea67dc5c5974f526d1391d92&X-Amz-SignedHeaders=host&x-id=GetObject,,
bd44d551-11bd-44f2-8432-c81e73db9745,e1be0f04-e144-4fb4-9e7c-bae169e28fc5,https://s3.us-east-1.amazonaws.com/storage.complyauto.com/safety/5aa8feab-9558-4b1b-963e-051e14c05b3b/safetyAssessment/facilityDiagram/6be289ed-c706-4104-88a6-2c8d88a042ac/6%20Tool%20Room%20final.pdf?X-Amz-Algorithm=AWS4-HMAC-SHA256&X-Amz-Content-Sha256=UNSIGNED-PAYLOAD&X-Amz-Credential=AKIA45VTHIYLIIVESHIB%2F20240228%2Fus-east-1%2Fs3%2Faws4_request&X-Amz-Date=20240228T170540Z&X-Amz-Expires=604800&X-Amz-Signature=f9a378b7561f10a0e546faeca3548ef535196316764e3d36e490229370013f2c&X-Amz-SignedHeaders=host&x-id=GetObject,,
421bd52d-5aa3-4a46-bed1-95498015baa3,e1be0f04-e144-4fb4-9e7c-bae169e28fc5,https://s3.us-east-1.amazonaws.com/storage.complyauto.com/safety/5aa8feab-9558-4b1b-963e-051e14c05b3b/safetyAssessment/facilityDiagram/c97e92d4-bc9d-4887-8a58-7103af62a369/3%20Parts%20Dept%20Evac.pdf?X-Amz-Algorithm=AWS4-HMAC-SHA256&X-Amz-Content-Sha256=UNSIGNED-PAYLOAD&X-Amz-Credential=AKIA45VTHIYLIIVESHIB%2F20240228%2Fus-east-1%2Fs3%2Faws4_request&X-Amz-Date=20240228T170540Z&X-Amz-Expires=604800&X-Amz-Signature=5a44c7d23d193987b07daec39bf8b07df4f1fb04e120754d66952498e517178c&X-Amz-SignedHeaders=host&x-id=GetObject,,
8fbfb8d0-32b1-4a94-b8b8-aa04321ae72b,e1be0f04-e144-4fb4-9e7c-bae169e28fc5,https://s3.us-east-1.amazonaws.com/storage.complyauto.com/safety/5aa8feab-9558-4b1b-963e-051e14c05b3b/safetyAssessment/facilityDiagram/a904ebff-d8f8-4317-8ab0-4a0ccbd7e1d2/Showroom%20Evac%20and%20Eqmt.pdf?X-Amz-Algorithm=AWS4-HMAC-SHA256&X-Amz-Content-Sha256=UNSIGNED-PAYLOAD&X-Amz-Credential=AKIA45VTHIYLIIVESHIB%2F20240228%2Fus-east-1%2Fs3%2Faws4_request&X-Amz-Date=20240228T170540Z&X-Amz-Expires=604800&X-Amz-Signature=01a92284e8385a897b1925a2202bd0cba0b979b71446b8f79ccc684e6608fd69&X-Amz-SignedHeaders=host&x-id=GetObject,,
9df20bb8-dcce-40b5-98de-5f5ebb768b9f,e1be0f04-e144-4fb4-9e7c-bae169e28fc5,https://s3.us-east-1.amazonaws.com/storage.complyauto.com/safety/5aa8feab-9558-4b1b-963e-051e14c05b3b/facilityDiagram/ee18504c-ec28-48f8-898a-d96515cc526f/map.pdf?X-Amz-Algorithm=AWS4-HMAC-SHA256&X-Amz-Content-Sha256=UNSIGNED-PAYLOAD&X-Amz-Credential=AKIA45VTHIYLIIVESHIB%2F20240228%2Fus-east-1%2Fs3%2Faws4_request&X-Amz-Date=20240228T170540Z&X-Amz-Expires=604800&X-Amz-Signature=59e5f898b6d19cf26118f1f611c7393f9f1edb1df28732959f38f53be83912b5&X-Amz-SignedHeaders=host&x-id=GetObject,,
5ab75ee4-e72c-49fa-be1f-96dbb67abf47,e1be0f04-e144-4fb4-9e7c-bae169e28fc5,https://s3.us-east-1.amazonaws.com/storage.complyauto.com/safety/5aa8feab-9558-4b1b-963e-051e14c05b3b/facilityDiagram/9078f72d-5b5d-4ea6-b6b3-4067e83dfc03/1%20Overall%20site%20plan.pdf?X-Amz-Algorithm=AWS4-HMAC-SHA256&X-Amz-Content-Sha256=UNSIGNED-PAYLOAD&X-Amz-Credential=AKIA45VTHIYLIIVESHIB%2F20240228%2Fus-east-1%2Fs3%2Faws4_request&X-Amz-Date=20240228T170540Z&X-Amz-Expires=604800&X-Amz-Signature=935d1da80181f1065e6023b57253fa30d0373639cc0c3db258b4932e881bdf7f&X-Amz-SignedHeaders=host&x-id=GetObject,,
bd4bfd41-4561-4471-921a-0032d7d350f5,e1be0f04-e144-4fb4-9e7c-bae169e28fc5,https://s3.us-east-1.amazonaws.com/storage.complyauto.com/safety/5aa8feab-9558-4b1b-963e-051e14c05b3b/facilityDiagram/8a55dd0b-3777-49e2-b258-795b33b3c828/6%20Tool%20Room%20final.pdf?X-Amz-Algorithm=AWS4-HMAC-SHA256&X-Amz-Content-Sha256=UNSIGNED-PAYLOAD&X-Amz-Credential=AKIA45VTHIYLIIVESHIB%2F20240228%2Fus-east-1%2Fs3%2Faws4_request&X-Amz-Date=20240228T170540Z&X-Amz-Expires=604800&X-Amz-Signature=d535539382f0d617c628f5cbf63650ab8cf34a4bee84cfed8d9fe7e09a6be797&X-Amz-SignedHeaders=host&x-id=GetObject,,
f1b60242-ab04-41d4-9f02-24788be06434,e1be0f04-e144-4fb4-9e7c-bae169e28fc5,https://s3.us-east-1.amazonaws.com/storage.complyauto.com/safety/5aa8feab-9558-4b1b-963e-051e14c05b3b/facilityDiagram/416f5dd6-f1cf-4913-aff1-8e9e7394671c/2%20admin.pdf?X-Amz-Algorithm=AWS4-HMAC-SHA256&X-Amz-Content-Sha256=UNSIGNED-PAYLOAD&X-Amz-Credential=AKIA45VTHIYLIIVESHIB%2F20240228%2Fus-east-1%2Fs3%2Faws4_request&X-Amz-Date=20240228T170540Z&X-Amz-Expires=604800&X-Amz-Signature=36634b2c954ab945d32000e848f2a999d2c68f89e18df232f2c1ae28db7a149c&X-Amz-SignedHeaders=host&x-id=GetObject,,
c97096ed-4702-4c99-ab89-2d244353987b,e1be0f04-e144-4fb4-9e7c-bae169e28fc5,https://s3.us-east-1.amazonaws.com/storage.complyauto.com/safety/5aa8feab-9558-4b1b-963e-051e14c05b3b/facilityDiagram/848aa4b1-c10a-44c2-a792-8b50781da5cb/3%20Parts%20Dept%20Evac.pdf?X-Amz-Algorithm=AWS4-HMAC-SHA256&X-Amz-Content-Sha256=UNSIGNED-PAYLOAD&X-Amz-Credential=AKIA45VTHIYLIIVESHIB%2F20240228%2Fus-east-1%2Fs3%2Faws4_request&X-Amz-Date=20240228T170540Z&X-Amz-Expires=604800&X-Amz-Signature=3db6fff064ceeff387e73d8535245784fcf3b52cd1ad4c31dfabdf07ae284c85&X-Amz-SignedHeaders=host&x-id=GetObject,,
09ab8b3d-5950-42b9-86a6-d8b00fd5311c,e1be0f04-e144-4fb4-9e7c-bae169e28fc5,https://s3.us-east-1.amazonaws.com/storage.complyauto.com/safety/5aa8feab-9558-4b1b-963e-051e14c05b3b/facilityDiagram/69cc3b8f-93d9-4c52-b346-b46af4e09e19/service%20dept%20evac%20map.pdf?X-Amz-Algorithm=AWS4-HMAC-SHA256&X-Amz-Content-Sha256=UNSIGNED-PAYLOAD&X-Amz-Credential=AKIA45VTHIYLIIVESHIB%2F20240228%2Fus-east-1%2Fs3%2Faws4_request&X-Amz-Date=20240228T170540Z&X-Amz-Expires=604800&X-Amz-Signature=d9427bdd568001a740457d7f6328cf20f131f133f4c7cefef969b43857920773&X-Amz-SignedHeaders=host&x-id=GetObject,,
5683bb33-57db-4f4e-9d71-88e5df872127,e1be0f04-e144-4fb4-9e7c-bae169e28fc5,https://s3.us-east-1.amazonaws.com/storage.complyauto.com/safety/5aa8feab-9558-4b1b-963e-051e14c05b3b/facilityDiagram/9c63bfb2-e024-4a45-a6dd-510317ed4ec3/Showroom%20Evac%20and%20Eqmt.pdf?X-Amz-Algorithm=AWS4-HMAC-SHA256&X-Amz-Content-Sha256=UNSIGNED-PAYLOAD&X-Amz-Credential=AKIA45VTHIYLIIVESHIB%2F20240228%2Fus-east-1%2Fs3%2Faws4_request&X-Amz-Date=20240228T170540Z&X-Amz-Expires=604800&X-Amz-Signature=dde370d408c9c1c86a10d97d62e5b11e094b498a0bc63aa804e1c7f312ad42d2&X-Amz-SignedHeaders=host&x-id=GetObject,,