Component ID,Chemical ID,Name,Is EHS?,Component Percentage,CAS Number,No CAS Number?,Weight or Volume?,EHS Form
d49a8c84-c022-5802-8e1a-fe4302c541a8,8f29dfed-c702-4c5b-b6ae-d2c16c20f69c,propan-2-ol,FALSE,50,67-63-0,FALSE,WEIGHT,NONE
64465b92-08b1-53e4-9c5e-2049ee39239b,8f29dfed-c702-4c5b-b6ae-d2c16c20f69c,xylene,FALSE,25,1330-20-7,FALSE,WEIGHT,NONE
d7dabc57-992f-585f-ab94-d5b2da1d67d4,8f29dfed-c702-4c5b-b6ae-d2c16c20f69c,2-butoxyethanol,FALSE,25,111-76-2,FALSE,WEIGHT,NONE
9d5a556d-0bdf-558b-9596-059b93853694,8f29dfed-c702-4c5b-b6ae-d2c16c20f69c,butan-1-ol,FALSE,10,71-36-3,FALSE,WEIGHT,NONE
1f66ef74-989d-54a5-b109-e1f6c76ab618,8f29dfed-c702-4c5b-b6ae-d2c16c20f69c,ethylbenzene,FALSE,10,100-41-4,FALSE,WEIGHT,NONE
f83b056e-f3d1-5e7a-8e7c-cb39110fa2b5,8f29dfed-c702-4c5b-b6ae-d2c16c20f69c,morpholine,FALSE,3,110-91-8,FALSE,WEIGHT,NONE
f8236249-5857-5097-bcc2-7fd48c80cd19,da467bf7-b6c0-4195-a9f8-3a02d93f1d06,Isobutane,FALSE,100,75-28-5,FALSE,VOLUME,NONE
f8a7d123-3b43-5939-97f1-45e41a6fdf7d,da467bf7-b6c0-4195-a9f8-3a02d93f1d06,Propane,FALSE,100,74-98-6,FALSE,VOLUME,NONE
e43c6650-cb3f-5c83-b706-11f7ff9ae9b0,da467bf7-b6c0-4195-a9f8-3a02d93f1d06,Butane,FALSE,100,106-97-8,FALSE,VOLUME,NONE
1634f926-9228-57d8-a8ee-c10d7b83aa5f,4ebb2f00-5676-45d0-b9d3-f83d72dd9500,Ethylene glycol,FALSE,100,107-21-1,FALSE,WEIGHT,NONE
79ea0569-cd6b-53d2-8191-72afa3668095,4ebb2f00-5676-45d0-b9d3-f83d72dd9500,4-tert-Butylbenzoic acid,FALSE,5,98-73-7,FALSE,WEIGHT,NONE
a0ea8aaa-4098-55cc-b5e7-acd96156b0d5,81fdde31-ddfc-4d33-8464-d78dd16d5fa8,Mineral Oil,FALSE,30,,TRUE,WEIGHT,NONE
d0b8ac83-b139-5060-8f9f-9a8510f4cbbb,81fdde31-ddfc-4d33-8464-d78dd16d5fa8,Fluorescent Dye,FALSE,95,,TRUE,WEIGHT,NONE
071f567c-e1b5-5cdd-a48e-96845b4d952d,9ac89b52-1f9c-4594-8d83-c4df707287ef,hydrogen,FALSE,99.999,1333-74-0,FALSE,VOLUME,NONE
bb47d33f-58f0-51fb-b1aa-1282ee026e2e,9ac89b52-1f9c-4594-8d83-c4df707287ef,Argon,FALSE,0.0001,7440-37-1,FALSE,VOLUME,NONE
27b20c5a-1c83-5fa8-9fba-4fcbe5c13ca9,9ac89b52-1f9c-4594-8d83-c4df707287ef,Helium,FALSE,0.0001,7440-59-7,FALSE,VOLUME,NONE
cd8a64a3-460b-56e1-921b-af3213d66e84,9ac89b52-1f9c-4594-8d83-c4df707287ef,krypton,FALSE,0.0001,7439-90-9,FALSE,VOLUME,NONE
c503be05-e29d-5644-96f4-99b99a1e365b,9ac89b52-1f9c-4594-8d83-c4df707287ef,Nitrogen,FALSE,0.0001,7727-37-9,FALSE,VOLUME,NONE
d2ebf822-0ef7-5822-b7a0-9883ac65e80a,9ac89b52-1f9c-4594-8d83-c4df707287ef,oxygen,FALSE,0.0001,7782-44-7,FALSE,VOLUME,NONE
cca81b17-64d8-5209-aea3-96a31f068cc2,78454019-521f-40cf-b60c-9842f6c1e475,ethane,FALSE,95.999,74-84-0,FALSE,VOLUME,NONE
39e2b424-bcab-54b4-a414-95e9820813ed,78454019-521f-40cf-b60c-9842f6c1e475,propylene,FALSE,95.999,115-07-1,FALSE,VOLUME,NONE
fd2f8335-2ead-559b-b297-9ad25095a4d3,78454019-521f-40cf-b60c-9842f6c1e475,methane,FALSE,95.999,74-82-8,FALSE,VOLUME,NONE
7c65f19c-f1c3-5438-9dca-d62e0a0dec7e,78454019-521f-40cf-b60c-9842f6c1e475,ethylene,FALSE,95.999,74-85-1,FALSE,VOLUME,NONE
1747b556-f566-56a7-b232-615663856f73,78454019-521f-40cf-b60c-9842f6c1e475,hydrogen,FALSE,95.999,1333-74-0,FALSE,VOLUME,NONE
b7e5383c-4cc8-551f-b8e8-ddcb47f3b6df,78454019-521f-40cf-b60c-9842f6c1e475,Nitrogen,FALSE,0.0001,7727-37-9,FALSE,VOLUME,NONE
a0602ab1-8692-56f1-9b82-9a530d857706,78454019-521f-40cf-b60c-9842f6c1e475,Propane,FALSE,0.0001,74-98-6,FALSE,VOLUME,NONE
6b383d8b-2fba-5356-83d6-8f786cd492dd,78454019-521f-40cf-b60c-9842f6c1e475,"1,2-propadiene",FALSE,0.0001,463-49-0,FALSE,VOLUME,NONE
562bbead-2477-5302-ab3d-1d650a7dc82c,78454019-521f-40cf-b60c-9842f6c1e475,carbon monoxide,FALSE,0.0001,630-08-0,FALSE,VOLUME,NONE
f37d6313-8e9b-579e-bbf1-c00352553990,78454019-521f-40cf-b60c-9842f6c1e475,methyl acetylene,FALSE,0.0001,74-99-7,FALSE,VOLUME,NONE
0bf9e1a9-ed8c-5668-b68d-9fa6e225fbf4,78454019-521f-40cf-b60c-9842f6c1e475,Acetylene,FALSE,0.0001,74-86-2,FALSE,VOLUME,NONE
eb6f4dfb-213b-549e-8123-d195eac8b8f9,78454019-521f-40cf-b60c-9842f6c1e475,"1,3-butadiene",FALSE,0.0001,106-99-0,FALSE,VOLUME,NONE
119a298e-d3da-5dc1-96f6-9905c2853539,4f585d04-34f2-49a9-8f66-4572dabb1e84,Surfactant Blend,FALSE,10,,TRUE,WEIGHT,NONE
e6fc0430-292b-5b94-ba14-3b5ae4e6c271,4f585d04-34f2-49a9-8f66-4572dabb1e84,Surfactant/Hydrotrope,FALSE,5,,TRUE,WEIGHT,NONE
8330506d-74da-5095-bc17-969658bae3bc,4f585d04-34f2-49a9-8f66-4572dabb1e84,Water,FALSE,100,7732-18-5,FALSE,WEIGHT,NONE
14bbc7e0-d3a7-5423-87eb-8790d9790727,8dfc8d31-4715-4fcb-b15c-293775c7b784,"Lubricating oils, used",FALSE,100,70514-12-4,FALSE,WEIGHT,NONE
86b592a5-08cd-5c27-94a4-cdf9621ea61d,8dfc8d31-4715-4fcb-b15c-293775c7b784,Water,FALSE,20,7732-18-5,FALSE,WEIGHT,NONE
da643662-36a8-51b4-982e-20ef09b34538,8dfc8d31-4715-4fcb-b15c-293775c7b784,Hydrocarbon solvents,FALSE,10,Not Available,TRUE,WEIGHT,NONE
58ef8aa7-0bfc-5b21-ba08-ffb57104f5f6,8dfc8d31-4715-4fcb-b15c-293775c7b784,Metals,FALSE,1.5,Not Available,TRUE,WEIGHT,NONE
bee26abf-5326-55af-a672-b4449a4a1aba,8dfc8d31-4715-4fcb-b15c-293775c7b784,Polynuclear aromatics,FALSE,1,Not Available,TRUE,WEIGHT,NONE
7dcbb6a6-c368-58cd-9130-79c0996b0f0d,8dfc8d31-4715-4fcb-b15c-293775c7b784,Chlorinated solvents,FALSE,0.5,Not Available,TRUE,WEIGHT,NONE
7b569eb3-a279-55a9-ba66-f359a9b96474,f08aa55a-465a-4557-bb80-630363e95471,tris(branched-alkyl) borate,FALSE,1,84605-29-8,FALSE,WEIGHT,NONE
66df4db9-ace4-58a9-9fb1-ea510855f6b6,f08aa55a-465a-4557-bb80-630363e95471,"Phosphorodithioic acid, mixed O,O-bis(1,3-dimethylbutyl and iso-Pr) esters, zinc salts",FALSE,0.25,,TRUE,WEIGHT,NONE
36693b8e-076e-50ca-a2ad-831f0445a186,b332f0ed-754e-419a-b55c-536dc80920cb,"DISTILLATES (PETROLEUM), HYDROTREATED HEAVY PARAFFINIC",FALSE,60,64742-54-7,FALSE,WEIGHT,NONE
36693b8e-076e-50ca-a2ad-831f0445a186,b332f0ed-754e-419a-b55c-536dc80920cb,"DISTILLATES (PETROLEUM), HYDROTREATED HEAVY PARAFFINIC",FALSE,40,64742-54-7,FALSE,WEIGHT,NONE
36693b8e-076e-50ca-a2ad-831f0445a186,b332f0ed-754e-419a-b55c-536dc80920cb,"DISTILLATES (PETROLEUM), HYDROTREATED HEAVY PARAFFINIC",FALSE,5,64742-54-7,FALSE,WEIGHT,NONE
9af81f46-86b2-5b7d-8e10-e87c5d632e96,dd4cb16b-a155-4ffb-af88-5f77c92cbc91,"Distillates (petroleum), hydrotreated heavy paraffinic",FALSE,60,64742-54-7,FALSE,WEIGHT,NONE
59afc3f5-1f2f-59e4-8195-0d11dcd5014c,dd4cb16b-a155-4ffb-af88-5f77c92cbc91,1-Decene Homopolymer Hydrogenated,FALSE,35,68037-01-4,FALSE,WEIGHT,NONE
3c377156-0f58-5b61-a6f3-23a0fe90d165,dd4cb16b-a155-4ffb-af88-5f77c92cbc91,"Distillates (petroleum), solvent-dewaxed heavy paraffinic",FALSE,15,64742-65-0,FALSE,WEIGHT,NONE
d1b253c0-2a53-5559-b984-4005ce8774f0,dd4cb16b-a155-4ffb-af88-5f77c92cbc91,Acrylic copolymer,FALSE,15,,TRUE,WEIGHT,NONE
af15ddb6-dc16-5334-8160-8040150a7b5a,dd4cb16b-a155-4ffb-af88-5f77c92cbc91,"Residual oils (petroleum), solvent-dewaxed",FALSE,10,64742-62-7,FALSE,WEIGHT,NONE
1d1ea799-21e0-5ecc-b028-a29fdce3bdcb,dd4cb16b-a155-4ffb-af88-5f77c92cbc91,"Residual oils (petroleum), solvent-refined",FALSE,5,64742-01-4,FALSE,WEIGHT,NONE
04fdc970-1199-5992-882f-34e673f0502b,dd4cb16b-a155-4ffb-af88-5f77c92cbc91,"Distillates (petroleum), solvent-dewaxed light paraffinic",FALSE,1.5,64742-56-9,FALSE,WEIGHT,NONE
970d5ca6-6eb3-5d6a-901b-95c9f64bf073,dd4cb16b-a155-4ffb-af88-5f77c92cbc91,"Amines, C10-14-tert-alkyl",FALSE,0.12,,TRUE,WEIGHT,NONE
a7eaf7d5-3fee-5ac4-ad8a-678dd1564dbb,dd4cb16b-a155-4ffb-af88-5f77c92cbc91,"C16-18-(even numbered, saturated and unsaturated)-alkylamines",FALSE,0.12,,TRUE,WEIGHT,NONE
ef357771-2dc7-5abe-9c6e-97e2e254f284,51e576f9-66ba-4671-9b44-c30bef797499,Lead,FALSE,34,7439-92-1,FALSE,WEIGHT,NONE
d5c85946-ba63-57ed-839e-32698a80a6e2,51e576f9-66ba-4671-9b44-c30bef797499,Lead Oxide,FALSE,31,1309-60-0,FALSE,WEIGHT,NONE
b113274d-64be-5981-9375-621b8e548a4c,51e576f9-66ba-4671-9b44-c30bef797499,Lead Sulfate (Anglesite),FALSE,1,7446-14-2,FALSE,WEIGHT,NONE
41d16cd7-b39d-5344-9f15-278da7376d7a,51e576f9-66ba-4671-9b44-c30bef797499,Battery Electrolyte (Sulfuric Acid (35%)),TRUE,34,7664-93-9,FALSE,WEIGHT,NONE
30a7996d-6608-5ff2-bba6-a940236dfa1e,3d91f535-c50e-4b92-a018-013c590d6aed,Sodium Chloride,FALSE,99.9,7647-14-5,FALSE,WEIGHT,NONE
c5bf24b1-612b-5c94-a708-86fb5fd71a5c,3d91f535-c50e-4b92-a018-013c590d6aed,Magnesium Chloride,FALSE,5,7786-30-3,FALSE,WEIGHT,NONE
61ea977c-21b6-5913-8b51-578a2beef39c,3d91f535-c50e-4b92-a018-013c590d6aed,Calcium Magnesium Acetate (CMA),FALSE,5,76123-46-1,FALSE,WEIGHT,NONE
47bd1059-af36-5041-a22a-87bdb22ccbcf,3d91f535-c50e-4b92-a018-013c590d6aed,Potassium Chloride,FALSE,5,7447-40-7,FALSE,WEIGHT,NONE
e40e6eb6-9e92-5556-a78f-be0cc14a6a10,4c96bad4-8a8a-437f-b7f4-60df447776fc,Ethylene Glycol,FALSE,50,107-21-1,FALSE,WEIGHT,NONE
8cecd4bb-e611-561f-ae86-11b0a1516f1d,4c96bad4-8a8a-437f-b7f4-60df447776fc,Diethylene Glycol,FALSE,3,111-46-6,FALSE,WEIGHT,NONE
ab8bf131-f1ea-5806-b9cd-8127e9494647,4c96bad4-8a8a-437f-b7f4-60df447776fc,"Hydrated inorganic acid, organic acid salts",FALSE,5,,TRUE,WEIGHT,NONE
be2b0201-8f5e-5342-9255-3443c4c387b6,4c96bad4-8a8a-437f-b7f4-60df447776fc,Water,FALSE,55,7732-18-5,FALSE,WEIGHT,NONE
18e8d8cd-50c7-522e-b6b1-88d5ff09a2a5,9aa60d8c-076e-4f86-83c7-06198f950f7b,"Petroleum distillates, hydrotreated heavy paraffinic",FALSE,100,64742-54-7,FALSE,WEIGHT,NONE
d2613574-782d-572d-a13c-890066ad4bcc,9aa60d8c-076e-4f86-83c7-06198f950f7b,"2,6-Di-tert-butylphenol",FALSE,1,128-39-2,FALSE,WEIGHT,NONE
94c19ddd-5bf6-543d-b0ba-bcb8c28649a6,0923217c-cb92-48cd-88b2-1dfe09512683,"Petroleum distillates, hydrotreated heavy paraffinic",FALSE,90,64742-54-7,FALSE,WEIGHT,NONE
d6be8f12-334d-5f11-b056-be4147d37dee,cbaa07da-3a98-4d1b-8308-a7681be93319,water,FALSE,100,7732-18-5,FALSE,VOLUME,NONE
618a2e0e-5629-5d4e-bdf1-2083efbd8fb9,cbaa07da-3a98-4d1b-8308-a7681be93319,sodium hydrogencarbonate,FALSE,5,144-55-8,FALSE,VOLUME,NONE
42f77398-aba0-52d1-b1a3-745bb69c64f8,cbaa07da-3a98-4d1b-8308-a7681be93319,2-Propoxyethanol,FALSE,3,2807-30-9,FALSE,VOLUME,NONE
08bcecea-c627-5da2-893d-12ed467b4be0,cbaa07da-3a98-4d1b-8308-a7681be93319,Isopropyl alcohol,FALSE,1.5,67-63-0,FALSE,VOLUME,NONE
80eb7352-f1b1-51ba-b865-64bf66c6460e,ab742f24-4cfb-4bf1-b651-968fe83a3911,Triethylene Glycol Monomethyl Ether,FALSE,50,112-35-6,FALSE,WEIGHT,NONE
460cfd70-1c02-57bb-a910-06129ea0513d,ab742f24-4cfb-4bf1-b651-968fe83a3911,Triethyleneglycol Monoethyl Ether,FALSE,50,112-50-5,FALSE,WEIGHT,NONE
56ea134f-3cd7-5e19-b1b0-3faa9365c45a,ab742f24-4cfb-4bf1-b651-968fe83a3911,Triethylene Glycol Monobutyl Ether,FALSE,50,143-22-6,FALSE,WEIGHT,NONE
6abb9437-f097-57be-b30d-431ecac423d2,ab742f24-4cfb-4bf1-b651-968fe83a3911,"3,6,9,12-Tetraoxahexadecane-1-ol",FALSE,20,1559-34-8,FALSE,WEIGHT,NONE
a99e50da-a5b5-58ba-b229-d1627568e789,ab742f24-4cfb-4bf1-b651-968fe83a3911,Polyethylene Glycol 200-600,FALSE,20,25322-68-3,FALSE,WEIGHT,NONE
68bfd665-e8ff-56cd-948d-3805f41b8c5d,ab742f24-4cfb-4bf1-b651-968fe83a3911,2-(2-Butoxyethoxy) Ethanol,FALSE,20,112-34-5,FALSE,WEIGHT,NONE
b0079b31-7af0-56b3-a2ac-9295168c7b89,ab742f24-4cfb-4bf1-b651-968fe83a3911,Tetraethylene Glycol Monomethyl Ether,FALSE,20,23783-42-8,FALSE,WEIGHT,NONE
15aa79d6-a3ba-5f33-9929-80f96905c36e,ab742f24-4cfb-4bf1-b651-968fe83a3911,"Oxirane, 2-Methyl-, Polymer with Oxirane, Monobutyl Ether",FALSE,20,9038-95-3,FALSE,WEIGHT,NONE
04a55fec-10a9-5c18-824c-1d53459a5b83,ab742f24-4cfb-4bf1-b651-968fe83a3911,Polyalkylene Glycol Monobutyl Ether,FALSE,20,9004-77-7,FALSE,WEIGHT,NONE
2394bb2f-3ba8-51d5-ba4a-8799cfa68cca,ab742f24-4cfb-4bf1-b651-968fe83a3911,Diethylene Glycol,FALSE,15,111-46-6,FALSE,WEIGHT,NONE
e143c74a-dabd-5734-8016-6d9f43925b8f,ab742f24-4cfb-4bf1-b651-968fe83a3911,Diethylene Glycol Monomethyl Ether,FALSE,5,111-77-3,FALSE,WEIGHT,NONE
ca189e4e-e056-5af8-bac3-abc96c418c49,ab742f24-4cfb-4bf1-b651-968fe83a3911,Diethyleneglycolmonoethyl Ether,FALSE,5,111-90-0,FALSE,WEIGHT,NONE
c0c85a13-547f-5fe6-a8cd-5ef3b958330b,ab742f24-4cfb-4bf1-b651-968fe83a3911,Trade Secret Inhibitor Package,FALSE,3,Trade Secret,TRUE,WEIGHT,NONE
d49a8c84-c022-5802-8e1a-fe4302c541a8,8f29dfed-c702-4c5b-b6ae-d2c16c20f69c,propan-2-ol,FALSE,50,67-63-0,FALSE,WEIGHT,NONE
64465b92-08b1-53e4-9c5e-2049ee39239b,8f29dfed-c702-4c5b-b6ae-d2c16c20f69c,xylene,FALSE,25,1330-20-7,FALSE,WEIGHT,NONE
d7dabc57-992f-585f-ab94-d5b2da1d67d4,8f29dfed-c702-4c5b-b6ae-d2c16c20f69c,2-butoxyethanol,FALSE,25,111-76-2,FALSE,WEIGHT,NONE
9d5a556d-0bdf-558b-9596-059b93853694,8f29dfed-c702-4c5b-b6ae-d2c16c20f69c,butan-1-ol,FALSE,10,71-36-3,FALSE,WEIGHT,NONE
1f66ef74-989d-54a5-b109-e1f6c76ab618,8f29dfed-c702-4c5b-b6ae-d2c16c20f69c,ethylbenzene,FALSE,10,100-41-4,FALSE,WEIGHT,NONE
f83b056e-f3d1-5e7a-8e7c-cb39110fa2b5,8f29dfed-c702-4c5b-b6ae-d2c16c20f69c,morpholine,FALSE,3,110-91-8,FALSE,WEIGHT,NONE
f8236249-5857-5097-bcc2-7fd48c80cd19,da467bf7-b6c0-4195-a9f8-3a02d93f1d06,Isobutane,FALSE,100,75-28-5,FALSE,VOLUME,NONE
f8a7d123-3b43-5939-97f1-45e41a6fdf7d,da467bf7-b6c0-4195-a9f8-3a02d93f1d06,Propane,FALSE,100,74-98-6,FALSE,VOLUME,NONE
e43c6650-cb3f-5c83-b706-11f7ff9ae9b0,da467bf7-b6c0-4195-a9f8-3a02d93f1d06,Butane,FALSE,100,106-97-8,FALSE,VOLUME,NONE
1634f926-9228-57d8-a8ee-c10d7b83aa5f,4ebb2f00-5676-45d0-b9d3-f83d72dd9500,Ethylene glycol,FALSE,100,107-21-1,FALSE,WEIGHT,NONE
79ea0569-cd6b-53d2-8191-72afa3668095,4ebb2f00-5676-45d0-b9d3-f83d72dd9500,4-tert-Butylbenzoic acid,FALSE,5,98-73-7,FALSE,WEIGHT,NONE
d17c4bfc-fb35-5daf-8a93-110aa91f4292,a6715aed-39da-40af-85b1-0349ace5138e,HYDROTREATED HEAVY NAPHTHENIC PETROLEUM DISTILLATES,FALSE,90,64742-52-5,FALSE,WEIGHT,NONE
82b3dfe6-afe0-5f4a-a8b8-e0ff000f6bd3,a6715aed-39da-40af-85b1-0349ace5138e,OLEIC ACID,FALSE,10,112-80-1,FALSE,WEIGHT,NONE
162095c5-1d18-5831-8c6c-af69f5538842,a6715aed-39da-40af-85b1-0349ace5138e,4-methylpentan-2-ol,FALSE,5,108-11-2,FALSE,WEIGHT,NONE
c802c507-b40e-50be-a432-1e7e02059a8f,a6715aed-39da-40af-85b1-0349ace5138e,2-ETHYLHEXANOL,FALSE,1,104-76-7,FALSE,WEIGHT,NONE
ae0e9683-9c09-5db3-909d-0af3af909ffd,a6715aed-39da-40af-85b1-0349ace5138e,Pine Oil,FALSE,0.2,8002-09-3,FALSE,WEIGHT,NONE
47854685-452a-5eb4-9499-c2282fa62665,7e72b606-292b-4836-8ca5-79cd90ac0e8e,2-[2-(2-butoxyethoxy)ethoxy]ethanol,FALSE,28,143-22-6,FALSE,WEIGHT,NONE
0bfcfa61-8914-5318-9f70-ef70f525c00e,7e72b606-292b-4836-8ca5-79cd90ac0e8e,"2,2'-oxybisethanol",FALSE,5,111-46-6,FALSE,WEIGHT,NONE
b942ca8a-8903-5395-ae4e-83969ba8b150,7e72b606-292b-4836-8ca5-79cd90ac0e8e,"Ethanol, 2,2'-iminobis-",FALSE,1.5,111-42-2,FALSE,WEIGHT,NONE
990ae905-edba-5533-9537-bfdaa5217447,7e72b606-292b-4836-8ca5-79cd90ac0e8e,Methyl-1H-benzotriazole,FALSE,0.5,29385-43-1,FALSE,WEIGHT,NONE
4543e1aa-9dd3-5dde-a334-c8a7052b7dac,7e72b606-292b-4836-8ca5-79cd90ac0e8e,(+)-Tartaric acid,FALSE,0.1,87-69-4,FALSE,WEIGHT,NONE
adf2e91f-2bc8-56ef-97f8-bea2d8112bde,7e72b606-292b-4836-8ca5-79cd90ac0e8e,Butylated hydroxytoluene (BHT),FALSE,0.1,128-37-0,FALSE,WEIGHT,NONE
be752ef9-f2cf-5bb1-9354-e5c445577da4,ca89d0e9-b8b2-499e-89b0-0fc739db6cbe,"Triethylene glycol, monobutyl ether",FALSE,60,143-22-6,FALSE,WEIGHT,NONE
69d8317a-301e-5f51-9559-b8ffb9082c8c,ca89d0e9-b8b2-499e-89b0-0fc739db6cbe,Diethylene glycol,FALSE,40,111-46-6,FALSE,WEIGHT,NONE
d178d9c0-5c31-503d-9487-92e3ff959c18,ca89d0e9-b8b2-499e-89b0-0fc739db6cbe,"Poly(oxy-1,2-ethanediyl), .alpha.-hydro-.omega.-hydroxy-, ester with boric acid (H3BO3), methyl ether",FALSE,40,71243-41-9,FALSE,WEIGHT,NONE
95f21a27-12c8-5d24-8841-853973827237,ca89d0e9-b8b2-499e-89b0-0fc739db6cbe,Triethylene glycol,FALSE,5,112-27-6,FALSE,WEIGHT,NONE
07655d78-5266-5747-bdf2-845af8ab200f,ca89d0e9-b8b2-499e-89b0-0fc739db6cbe,Tetraethylene glycol,FALSE,0.1,112-60-7,FALSE,WEIGHT,NONE
b281fa2e-4b9e-52cf-aac1-7b8d585f08eb,c7b40778-d793-442e-896f-ee54b8771696,Zinc alkyl dithiophosphate,FALSE,1,113706-15-3,FALSE,WEIGHT,NONE
c6e1cf3e-4013-5e30-b816-e3ca2ccac8a5,c7b40778-d793-442e-896f-ee54b8771696,HYDROTREATED HEAVY PARAFINIC DISTILLATES,FALSE,90,64742-54-7,FALSE,WEIGHT,NONE
ab52dab1-572f-58b1-8b3c-f8c27b797f77,c7b40778-d793-442e-896f-ee54b8771696,"Distillates (petroleum), solvent-dewaxed heavy paraffinic",FALSE,5,64742-65-0,FALSE,WEIGHT,NONE
47aab401-b685-5666-b2e1-77f9b5137775,c7b40778-d793-442e-896f-ee54b8771696,Mineral Oil,FALSE,3,64742-04-7,FALSE,WEIGHT,NONE
9dbc015a-f966-546b-a25d-d24d5b2c3c41,c7b40778-d793-442e-896f-ee54b8771696,"Paraffin oils (petroleum), catalytic dewaxed heavy",FALSE,3,64742-70-7,FALSE,WEIGHT,NONE
96e69dc8-2353-5325-8289-d48b775259ed,c7b40778-d793-442e-896f-ee54b8771696,"Benzenamine, N-phenyl-, reaction products with 2,4,4-trimethylpentene",FALSE,1,68411-46-1,FALSE,WEIGHT,NONE
ca1b2838-2a8a-5fba-9cca-36b97c14c5c4,c7b40778-d793-442e-896f-ee54b8771696,Zinc Diisooctyl Dithiophosphate,FALSE,1,28629-66-5,FALSE,WEIGHT,NONE
246415d0-999d-59f1-a144-1e462beb4841,08941d9c-7c06-4827-bf28-24ed477e92ae,water,FALSE,90,7732-18-5,FALSE,WEIGHT,NONE
9f433263-586d-5148-b01a-4cf990c59cb9,08941d9c-7c06-4827-bf28-24ed477e92ae,citric acid,FALSE,5,77-92-9,FALSE,WEIGHT,NONE
8eeafd69-b2d0-5b2a-925d-8152c06d2aef,08941d9c-7c06-4827-bf28-24ed477e92ae,tetrasodium ethylene diamine tetraacetate,FALSE,5,64-02-8,FALSE,WEIGHT,NONE
2b1bf676-2461-59fc-ba43-ee5ee415967e,08941d9c-7c06-4827-bf28-24ed477e92ae,sodium 4(or 5)-methyl-1H-benzotriazolide,FALSE,5,64665-57-2,FALSE,WEIGHT,NONE
47647525-2403-5b62-8f5f-5519bbd67cc1,08941d9c-7c06-4827-bf28-24ed477e92ae,sodium hydroxide solution (not less than 30%),FALSE,5,1310-73-2,FALSE,WEIGHT,NONE
d801842a-330c-5057-ba7b-c7a231b1aeaa,08941d9c-7c06-4827-bf28-24ed477e92ae,"Oxirane, 2-methyl-, polymer with oxirane",FALSE,5,9003-11-6,FALSE,WEIGHT,NONE
8621975f-a3a0-578c-99aa-794ca0e98e95,08941d9c-7c06-4827-bf28-24ed477e92ae,sodium chloride,FALSE,0.1,7647-14-5,FALSE,WEIGHT,NONE
49c41c73-3e12-5dcc-8abc-ecbe69a31ff1,234d3cf8-ea9f-4296-bdb1-258c7b7deb8a,HYDROTREATED HEAVY PARAFINIC DISTILLATES,FALSE,70,64742-54-7,FALSE,WEIGHT,NONE
6468c8f9-2415-50b9-b56f-9a3f378887fa,234d3cf8-ea9f-4296-bdb1-258c7b7deb8a,Cyclohexanone,FALSE,30,108-94-1,FALSE,WEIGHT,NONE
f43b7670-0d63-55aa-9aed-91f9c880900f,234d3cf8-ea9f-4296-bdb1-258c7b7deb8a,ETHYLENE GLYCOL MONOPROPYL ETHER,FALSE,20,2807-30-9,FALSE,WEIGHT,NONE
4e2bb843-7f31-5ef6-a719-3764cd4b3d92,234d3cf8-ea9f-4296-bdb1-258c7b7deb8a,4-methylpentan-2-ol,FALSE,10,108-11-2,FALSE,WEIGHT,NONE
d23e719a-0b33-5033-8edc-0aca30eb6650,234d3cf8-ea9f-4296-bdb1-258c7b7deb8a,Zinc alkyl dithiophosphate,FALSE,1,113706-15-3,FALSE,WEIGHT,NONE
98bcb46b-dca4-55b2-97c9-f995c799b37e,51d13f80-7768-4630-b554-1a3172e8fbbb,White mineral oil,FALSE,90,8042-47-5,FALSE,WEIGHT,NONE
8e20738b-6a50-5a3a-9c33-649b4f68aacf,51d13f80-7768-4630-b554-1a3172e8fbbb,HYDROTREATED HEAVY PARAFINIC DISTILLATES,FALSE,20,64742-54-7,FALSE,WEIGHT,NONE
82f72b64-c736-5622-821d-a30a718e425c,387d0d67-1389-4689-8ba4-d15c8c3079cb,Highly refined mineral oil (C15 - C50),FALSE,60,,TRUE,WEIGHT,NONE
89cb6d5d-07ae-5bb1-9c75-9f5e09772c1c,387d0d67-1389-4689-8ba4-d15c8c3079cb,"Thiophene, 3-(decyloxy)tetrahydro-, 1,1-dioxide",FALSE,3,18760-44-6,FALSE,WEIGHT,NONE
630ea984-2fff-5c00-bb20-3186b9e90c7e,387d0d67-1389-4689-8ba4-d15c8c3079cb,Alkyl phosphites,FALSE,1,,TRUE,WEIGHT,NONE
bee918ed-a5b3-5f5c-8b57-2585463bc00e,4399814a-d015-4d71-b42c-1a3aac32ff82,"Distillates (Petroleum), Hydrotreated Heavy Paraffinic",FALSE,90,64742-54-7,FALSE,WEIGHT,NONE
60492716-1892-5d23-95d4-e48b08aae4d1,4399814a-d015-4d71-b42c-1a3aac32ff82,"Lubricating Oils (Petroleum), C20-50, Hydrotreated Neutral Oil-Based",FALSE,10,72623-87-1,FALSE,WEIGHT,NONE
bee918ed-a5b3-5f5c-8b57-2585463bc00e,4399814a-d015-4d71-b42c-1a3aac32ff82,"Distillates (Petroleum), Hydrotreated Heavy Paraffinic",FALSE,5,64742-54-7,FALSE,WEIGHT,NONE
093d700b-2ad0-58b2-ac81-81997cd826ef,4399814a-d015-4d71-b42c-1a3aac32ff82,"Lubricating Oils, Petroleum, C15-30, Hydrotreated",FALSE,5,72623-86-0,FALSE,WEIGHT,NONE
d611ba8a-0dcc-5e93-8e3f-60a87a075129,4399814a-d015-4d71-b42c-1a3aac32ff82,Methacrylate Copolymer,FALSE,5,,TRUE,WEIGHT,NONE
b12fd615-1549-508d-8e55-90c65d424f6b,4399814a-d015-4d71-b42c-1a3aac32ff82,Petroleum Distillates,FALSE,5,64742-55-8,FALSE,WEIGHT,NONE
033f5601-20db-5968-81f7-3986982f8950,8f3b3132-0ee4-4d54-b373-b43712769422,"PROPANOIC ACID, PROPYL ESTER",FALSE,50,106-36-5,FALSE,WEIGHT,NONE
d9c361f2-315d-5c70-9b4b-8cc40f5bce89,8f3b3132-0ee4-4d54-b373-b43712769422,ETHANOL,FALSE,10,64-17-5,FALSE,WEIGHT,NONE
e6386624-43aa-52af-b21c-45a467c4dfc6,8f3b3132-0ee4-4d54-b373-b43712769422,"N,N-dimethyl 9-decenamide",FALSE,10,1356964-77-6,FALSE,WEIGHT,NONE
f5162845-d3d3-51f2-b965-c77b2e67554c,8f3b3132-0ee4-4d54-b373-b43712769422,ETHYL ACETATE,FALSE,10,141-78-6,FALSE,WEIGHT,NONE
808bcd71-4470-59f5-85c9-87b28237c5ed,8f3b3132-0ee4-4d54-b373-b43712769422,ETHOXYLATED ALCOHOL,FALSE,5,,TRUE,WEIGHT,NONE
1b4f5d70-1527-5865-80bf-2d3f1c74f5d1,8f3b3132-0ee4-4d54-b373-b43712769422,QUATERNARY AMINE COMPOUND,FALSE,5,,TRUE,WEIGHT,NONE
039eeb2c-8769-52e6-9206-d1799d06c7fe,8f3b3132-0ee4-4d54-b373-b43712769422,GLYCERIN,FALSE,1.5,56-81-5,FALSE,WEIGHT,NONE
f769c092-92fd-5029-b33c-82b9cc630c36,2e7f4013-2677-4de0-9bf4-4bc0dd3c5c11,"Petroleum distillates, hydrotreated heavy paraffinic",FALSE,5,64742-54-7,FALSE,WEIGHT,NONE
4ecf80b6-b642-53f0-85f5-f5106688a5bb,2e7f4013-2677-4de0-9bf4-4bc0dd3c5c11,"Petroleum distillates, hydrotreated light paraffinic",FALSE,5,64742-55-8,FALSE,WEIGHT,NONE
d114a7eb-17dd-5211-9207-e3b801a2d18a,2e7f4013-2677-4de0-9bf4-4bc0dd3c5c11,"Lubricating oils (petroleum), C20-50, hydrotreated neutral oil-based",FALSE,85,72623-87-1,FALSE,WEIGHT,NONE
047da016-e895-53a1-a347-3af4c09d2ae9,5764ec3c-7154-43e0-94f7-feffad4aa29b,MERCON® LV Automatic Transmission Fluid,FALSE,100,,TRUE,VOLUME,NONE
3e8d9024-e825-57e2-b48e-6cc829787c7f,eee1fe71-710c-4b69-a38f-298b3b409666,Hydrotreated light distillates (petroleum),FALSE,50,64742-47-8,FALSE,VOLUME,NONE
c64b22cc-6e05-5b03-870a-16295d3eb16c,eee1fe71-710c-4b69-a38f-298b3b409666,Petroleum Distillate Aliphatic,FALSE,30,68476-34-6,FALSE,VOLUME,NONE
b823b0ef-d09b-5d0b-8e32-9369396475fd,eee1fe71-710c-4b69-a38f-298b3b409666,Kerosene,FALSE,10,8008-20-6,FALSE,VOLUME,NONE
6d4417d7-c30a-5fea-a0ba-42e46a6c214c,eee1fe71-710c-4b69-a38f-298b3b409666,C9-15 Heavy Aromatic Hydrocarbons,FALSE,5,64742-94-5,FALSE,VOLUME,NONE
025ba183-3ac7-5040-a761-a2d811291add,eee1fe71-710c-4b69-a38f-298b3b409666,Carbon Dioxide,FALSE,3,124-38-9,FALSE,VOLUME,NONE
10a0f6c8-05ae-5194-a314-1b9e91a2ec1e,eee1fe71-710c-4b69-a38f-298b3b409666,Poly(oxyethylene) Sorbitol Hexaoleate,FALSE,3,57171-56-9,FALSE,VOLUME,NONE
6506cc9d-9402-529e-bda3-45efc221657e,eee1fe71-710c-4b69-a38f-298b3b409666,Tripropylene Glycol Monomethyl Ether,FALSE,3,25498-49-1,FALSE,VOLUME,NONE
cca8cb4b-262b-5cb0-8b29-5933673caf5f,eee1fe71-710c-4b69-a38f-298b3b409666,"1,2,3,5-tetramethylbenzene",FALSE,1,527-53-7,FALSE,VOLUME,NONE
d292d7e5-3ce3-5998-a8b0-2323b7825204,eee1fe71-710c-4b69-a38f-298b3b409666,"1,4-diethylbenzene",FALSE,1,105-05-5,FALSE,VOLUME,NONE
e7625de8-38a7-5bf1-b57f-f486c3bd16f4,eee1fe71-710c-4b69-a38f-298b3b409666,"Alkanes C10-20, Branched And Linear",FALSE,1,928771-01-1,FALSE,VOLUME,NONE
97ca3094-df1c-565e-841f-0ec0cd31312c,eee1fe71-710c-4b69-a38f-298b3b409666,"Fuels, Diesel, C9-18-alkane Branched And Linear",FALSE,1,1159170-26-9,FALSE,VOLUME,NONE
bcf2cb88-470f-5327-b855-7e3d6134ff69,eee1fe71-710c-4b69-a38f-298b3b409666,Naphthalene,FALSE,1,91-20-3,FALSE,VOLUME,NONE
7428cd80-389f-5356-875b-9b3a89fa3cb6,eee1fe71-710c-4b69-a38f-298b3b409666,Tert-butylbenzene,FALSE,1,98-06-6,FALSE,VOLUME,NONE
42015ed2-273c-5d8f-818b-10e02315ab2a,eee1fe71-710c-4b69-a38f-298b3b409666,"1,2,3,4-tetramethylbenzene",FALSE,0.3,488-23-3,FALSE,VOLUME,NONE
28078a47-f395-5154-a2ce-9c201b3eb78b,eee1fe71-710c-4b69-a38f-298b3b409666,"1,2,3-Trimethylbenzene",FALSE,0.2,526-73-8,FALSE,VOLUME,NONE
996a94c2-ecb9-56ea-9a76-561d73224a5e,eee1fe71-710c-4b69-a38f-298b3b409666,"1,2,4-Trimethylbenzene",FALSE,0.2,95-63-6,FALSE,VOLUME,NONE
8b02ea2b-e13b-549b-a5cc-81608ae987ff,eee1fe71-710c-4b69-a38f-298b3b409666,"1h-indene, 2,3-dihydro-",FALSE,0.2,496-11-7,FALSE,VOLUME,NONE
5a4a5b6e-7af8-5397-8cb2-e4f68b393174,eee1fe71-710c-4b69-a38f-298b3b409666,3-propyltoluene,FALSE,0.2,1074-43-7,FALSE,VOLUME,NONE
a3bd7f52-0507-58f1-b4a7-f4469b4f9121,eee1fe71-710c-4b69-a38f-298b3b409666,Propylene Glycol,FALSE,0.2,57-55-6,FALSE,VOLUME,NONE
9113b088-21df-589b-9799-79aa8da65059,eee1fe71-710c-4b69-a38f-298b3b409666,"Benzene, 1,3-diethyl-",FALSE,0.1,141-93-5,FALSE,VOLUME,NONE
b4051fad-701b-5e1b-bf41-95bcf57586b2,eee1fe71-710c-4b69-a38f-298b3b409666,Cumene,FALSE,0.1,98-82-8,FALSE,VOLUME,NONE
adc3000a-4fae-5b0c-833c-d4a62fd56987,eee1fe71-710c-4b69-a38f-298b3b409666,Diethylbenzene,FALSE,0.1,25340-17-4,FALSE,VOLUME,NONE
41aced45-ca77-535a-9d52-49f669394397,5c0a9109-2333-4236-b89b-7574ec88fc5e,WATER,FALSE,99,7732-18-5,FALSE,WEIGHT,NONE
88eebb3c-02df-5cc5-9d84-8593da7725dd,5c0a9109-2333-4236-b89b-7574ec88fc5e,SULFURIC ACID,TRUE,17,7664-93-9,FALSE,WEIGHT,NONE
897825d2-0c90-5e6f-91cb-698de3a8445d,5c0a9109-2333-4236-b89b-7574ec88fc5e,PHOSPHORIC ACID,FALSE,5,7664-38-2,FALSE,WEIGHT,NONE
4dab2df6-ab66-5271-8f89-2a91063e5c95,5c0a9109-2333-4236-b89b-7574ec88fc5e,AMMONIUM BIFLUORIDE,FALSE,4,1341-49-7,FALSE,WEIGHT,NONE
f81b4d70-9436-5635-8c26-a6d29db8106e,2c3f9bba-3f9e-49e0-a13d-e13928daa37e,"ethanediol, ethylene glycol",FALSE,55,107-21-1,FALSE,WEIGHT,NONE
ef357771-2dc7-5abe-9c6e-97e2e254f284,51e576f9-66ba-4671-9b44-c30bef797499,Lead,FALSE,34,7439-92-1,FALSE,WEIGHT,NONE
d5c85946-ba63-57ed-839e-32698a80a6e2,51e576f9-66ba-4671-9b44-c30bef797499,Lead Oxide,FALSE,31,1309-60-0,FALSE,WEIGHT,NONE
b113274d-64be-5981-9375-621b8e548a4c,51e576f9-66ba-4671-9b44-c30bef797499,Lead Sulfate (Anglesite),FALSE,1,7446-14-2,FALSE,WEIGHT,NONE
41d16cd7-b39d-5344-9f15-278da7376d7a,51e576f9-66ba-4671-9b44-c30bef797499,Battery Electrolyte (Sulfuric Acid (35%)),TRUE,34,7664-93-9,FALSE,WEIGHT,NONE
e40e6eb6-9e92-5556-a78f-be0cc14a6a10,4c96bad4-8a8a-437f-b7f4-60df447776fc,Ethylene Glycol,FALSE,50,107-21-1,FALSE,WEIGHT,NONE
8cecd4bb-e611-561f-ae86-11b0a1516f1d,4c96bad4-8a8a-437f-b7f4-60df447776fc,Diethylene Glycol,FALSE,3,111-46-6,FALSE,WEIGHT,NONE
ab8bf131-f1ea-5806-b9cd-8127e9494647,4c96bad4-8a8a-437f-b7f4-60df447776fc,"Hydrated inorganic acid, organic acid salts",FALSE,5,,TRUE,WEIGHT,NONE
be2b0201-8f5e-5342-9255-3443c4c387b6,4c96bad4-8a8a-437f-b7f4-60df447776fc,Water,FALSE,55,7732-18-5,FALSE,WEIGHT,NONE
f66c4dba-a328-54f4-9080-e135438645db,9750b0c1-c9cb-4527-8e4e-add1e05db280,"Distillates (petroleum), hydrotreated heavy paraffinic",FALSE,90,64742-54-7,FALSE,WEIGHT,NONE
f66c4dba-a328-54f4-9080-e135438645db,9750b0c1-c9cb-4527-8e4e-add1e05db280,"Distillates (petroleum), hydrotreated heavy paraffinic",FALSE,25,64742-54-7,FALSE,WEIGHT,NONE
f8236249-5857-5097-bcc2-7fd48c80cd19,da467bf7-b6c0-4195-a9f8-3a02d93f1d06,Isobutane,FALSE,100,75-28-5,FALSE,VOLUME,NONE
f8a7d123-3b43-5939-97f1-45e41a6fdf7d,da467bf7-b6c0-4195-a9f8-3a02d93f1d06,Propane,FALSE,100,74-98-6,FALSE,VOLUME,NONE
e43c6650-cb3f-5c83-b706-11f7ff9ae9b0,da467bf7-b6c0-4195-a9f8-3a02d93f1d06,Butane,FALSE,100,106-97-8,FALSE,VOLUME,NONE
1634f926-9228-57d8-a8ee-c10d7b83aa5f,4ebb2f00-5676-45d0-b9d3-f83d72dd9500,Ethylene glycol,FALSE,100,107-21-1,FALSE,WEIGHT,NONE
79ea0569-cd6b-53d2-8191-72afa3668095,4ebb2f00-5676-45d0-b9d3-f83d72dd9500,4-tert-Butylbenzoic acid,FALSE,5,98-73-7,FALSE,WEIGHT,NONE
071f567c-e1b5-5cdd-a48e-96845b4d952d,9ac89b52-1f9c-4594-8d83-c4df707287ef,hydrogen,FALSE,99.999,1333-74-0,FALSE,VOLUME,NONE
bb47d33f-58f0-51fb-b1aa-1282ee026e2e,9ac89b52-1f9c-4594-8d83-c4df707287ef,Argon,FALSE,0.0001,7440-37-1,FALSE,VOLUME,NONE
27b20c5a-1c83-5fa8-9fba-4fcbe5c13ca9,9ac89b52-1f9c-4594-8d83-c4df707287ef,Helium,FALSE,0.0001,7440-59-7,FALSE,VOLUME,NONE
cd8a64a3-460b-56e1-921b-af3213d66e84,9ac89b52-1f9c-4594-8d83-c4df707287ef,krypton,FALSE,0.0001,7439-90-9,FALSE,VOLUME,NONE
c503be05-e29d-5644-96f4-99b99a1e365b,9ac89b52-1f9c-4594-8d83-c4df707287ef,Nitrogen,FALSE,0.0001,7727-37-9,FALSE,VOLUME,NONE
d2ebf822-0ef7-5822-b7a0-9883ac65e80a,9ac89b52-1f9c-4594-8d83-c4df707287ef,oxygen,FALSE,0.0001,7782-44-7,FALSE,VOLUME,NONE
cca81b17-64d8-5209-aea3-96a31f068cc2,78454019-521f-40cf-b60c-9842f6c1e475,ethane,FALSE,95.999,74-84-0,FALSE,VOLUME,NONE
39e2b424-bcab-54b4-a414-95e9820813ed,78454019-521f-40cf-b60c-9842f6c1e475,propylene,FALSE,95.999,115-07-1,FALSE,VOLUME,NONE
fd2f8335-2ead-559b-b297-9ad25095a4d3,78454019-521f-40cf-b60c-9842f6c1e475,methane,FALSE,95.999,74-82-8,FALSE,VOLUME,NONE
7c65f19c-f1c3-5438-9dca-d62e0a0dec7e,78454019-521f-40cf-b60c-9842f6c1e475,ethylene,FALSE,95.999,74-85-1,FALSE,VOLUME,NONE
1747b556-f566-56a7-b232-615663856f73,78454019-521f-40cf-b60c-9842f6c1e475,hydrogen,FALSE,95.999,1333-74-0,FALSE,VOLUME,NONE
b7e5383c-4cc8-551f-b8e8-ddcb47f3b6df,78454019-521f-40cf-b60c-9842f6c1e475,Nitrogen,FALSE,0.0001,7727-37-9,FALSE,VOLUME,NONE
a0602ab1-8692-56f1-9b82-9a530d857706,78454019-521f-40cf-b60c-9842f6c1e475,Propane,FALSE,0.0001,74-98-6,FALSE,VOLUME,NONE
6b383d8b-2fba-5356-83d6-8f786cd492dd,78454019-521f-40cf-b60c-9842f6c1e475,"1,2-propadiene",FALSE,0.0001,463-49-0,FALSE,VOLUME,NONE
562bbead-2477-5302-ab3d-1d650a7dc82c,78454019-521f-40cf-b60c-9842f6c1e475,carbon monoxide,FALSE,0.0001,630-08-0,FALSE,VOLUME,NONE
f37d6313-8e9b-579e-bbf1-c00352553990,78454019-521f-40cf-b60c-9842f6c1e475,methyl acetylene,FALSE,0.0001,74-99-7,FALSE,VOLUME,NONE
0bf9e1a9-ed8c-5668-b68d-9fa6e225fbf4,78454019-521f-40cf-b60c-9842f6c1e475,Acetylene,FALSE,0.0001,74-86-2,FALSE,VOLUME,NONE
eb6f4dfb-213b-549e-8123-d195eac8b8f9,78454019-521f-40cf-b60c-9842f6c1e475,"1,3-butadiene",FALSE,0.0001,106-99-0,FALSE,VOLUME,NONE
ef357771-2dc7-5abe-9c6e-97e2e254f284,51e576f9-66ba-4671-9b44-c30bef797499,Lead,FALSE,34,7439-92-1,FALSE,WEIGHT,NONE
d5c85946-ba63-57ed-839e-32698a80a6e2,51e576f9-66ba-4671-9b44-c30bef797499,Lead Oxide,FALSE,31,1309-60-0,FALSE,WEIGHT,NONE
b113274d-64be-5981-9375-621b8e548a4c,51e576f9-66ba-4671-9b44-c30bef797499,Lead Sulfate (Anglesite),FALSE,1,7446-14-2,FALSE,WEIGHT,NONE
41d16cd7-b39d-5344-9f15-278da7376d7a,51e576f9-66ba-4671-9b44-c30bef797499,Battery Electrolyte (Sulfuric Acid (35%)),TRUE,34,7664-93-9,FALSE,WEIGHT,NONE
e40e6eb6-9e92-5556-a78f-be0cc14a6a10,4c96bad4-8a8a-437f-b7f4-60df447776fc,Ethylene Glycol,FALSE,50,107-21-1,FALSE,WEIGHT,NONE
8cecd4bb-e611-561f-ae86-11b0a1516f1d,4c96bad4-8a8a-437f-b7f4-60df447776fc,Diethylene Glycol,FALSE,3,111-46-6,FALSE,WEIGHT,NONE
ab8bf131-f1ea-5806-b9cd-8127e9494647,4c96bad4-8a8a-437f-b7f4-60df447776fc,"Hydrated inorganic acid, organic acid salts",FALSE,5,,TRUE,WEIGHT,NONE
be2b0201-8f5e-5342-9255-3443c4c387b6,4c96bad4-8a8a-437f-b7f4-60df447776fc,Water,FALSE,55,7732-18-5,FALSE,WEIGHT,NONE
f3d1b625-f5aa-5b99-8dd0-b6b90d7ec933,ca496247-83b1-4e53-b780-bdd19d4b3d91,Benzyl acetate,FALSE,10,140-11-4,FALSE,WEIGHT,NONE
1c9cfca6-9542-56f7-87fd-f31b6f07f345,ca496247-83b1-4e53-b780-bdd19d4b3d91,Diphenyl ether,FALSE,5,101-84-8,FALSE,WEIGHT,NONE
86c33bfb-13b4-5647-bd79-cf8cf63c302d,ca496247-83b1-4e53-b780-bdd19d4b3d91,Citral,FALSE,1.5,5392-40-5,FALSE,WEIGHT,NONE
d49a8c84-c022-5802-8e1a-fe4302c541a8,8f29dfed-c702-4c5b-b6ae-d2c16c20f69c,propan-2-ol,FALSE,50,67-63-0,FALSE,WEIGHT,NONE
64465b92-08b1-53e4-9c5e-2049ee39239b,8f29dfed-c702-4c5b-b6ae-d2c16c20f69c,xylene,FALSE,25,1330-20-7,FALSE,WEIGHT,NONE
d7dabc57-992f-585f-ab94-d5b2da1d67d4,8f29dfed-c702-4c5b-b6ae-d2c16c20f69c,2-butoxyethanol,FALSE,25,111-76-2,FALSE,WEIGHT,NONE
9d5a556d-0bdf-558b-9596-059b93853694,8f29dfed-c702-4c5b-b6ae-d2c16c20f69c,butan-1-ol,FALSE,10,71-36-3,FALSE,WEIGHT,NONE
1f66ef74-989d-54a5-b109-e1f6c76ab618,8f29dfed-c702-4c5b-b6ae-d2c16c20f69c,ethylbenzene,FALSE,10,100-41-4,FALSE,WEIGHT,NONE
f83b056e-f3d1-5e7a-8e7c-cb39110fa2b5,8f29dfed-c702-4c5b-b6ae-d2c16c20f69c,morpholine,FALSE,3,110-91-8,FALSE,WEIGHT,NONE
a492ba31-17c3-5bd7-8ada-6d8e9077e904,940b1e39-4b8e-4826-89ce-dc96cbbe2eb2,polyglycol ethers,FALSE,60,Not Available,TRUE,WEIGHT,NONE
203c4b5c-1c93-57d4-b275-fa6b279a0558,940b1e39-4b8e-4826-89ce-dc96cbbe2eb2,polyethylene glycol,FALSE,29,25322-68-3,FALSE,WEIGHT,NONE
a0da517f-ce5c-568d-bb25-487cc023cc3a,940b1e39-4b8e-4826-89ce-dc96cbbe2eb2,corrosion inhibitor,FALSE,9,Not Available,TRUE,WEIGHT,NONE
f8236249-5857-5097-bcc2-7fd48c80cd19,da467bf7-b6c0-4195-a9f8-3a02d93f1d06,Isobutane,FALSE,100,75-28-5,FALSE,VOLUME,NONE
f8a7d123-3b43-5939-97f1-45e41a6fdf7d,da467bf7-b6c0-4195-a9f8-3a02d93f1d06,Propane,FALSE,100,74-98-6,FALSE,VOLUME,NONE
e43c6650-cb3f-5c83-b706-11f7ff9ae9b0,da467bf7-b6c0-4195-a9f8-3a02d93f1d06,Butane,FALSE,100,106-97-8,FALSE,VOLUME,NONE
6825d696-4a11-5aab-80b0-80a28a56f149,6befc1a2-cb49-47b7-9072-b1835b72391a,Ethylene Glycol,TRUE,95,107-21-1,FALSE,WEIGHT,NONE
260821af-668d-5c95-b747-ce3e6adc37f0,6befc1a2-cb49-47b7-9072-b1835b72391a,Diethylene Glycol,FALSE,5,111-46-6,FALSE,WEIGHT,NONE
b7a26604-5707-5a5c-b225-d0b072a7be46,6befc1a2-cb49-47b7-9072-b1835b72391a,"Hydrated inorganic acid, organic acid salts",FALSE,5,,TRUE,WEIGHT,NONE
8f51a38e-9dac-59ef-9306-a44af3c7681b,6befc1a2-cb49-47b7-9072-b1835b72391a,Water,FALSE,5,7732-18-5,FALSE,WEIGHT,NONE
ae7dfc7f-7d35-5307-ae0a-cd982f0fc0d6,8d52dd89-03a5-476b-9656-412481e84215,Ethylene Glycol,TRUE,50,107-21-1,FALSE,WEIGHT,NONE
44b0b18d-21e0-5c48-9c8f-99cc35e4c183,8d52dd89-03a5-476b-9656-412481e84215,"Hydrated inorganic acid, organic acid salts",FALSE,5,,TRUE,WEIGHT,NONE
36e24b17-1af3-5344-afc7-9da4efd7e5bf,8d52dd89-03a5-476b-9656-412481e84215,Water,FALSE,50,7732-18-5,FALSE,WEIGHT,NONE
1634f926-9228-57d8-a8ee-c10d7b83aa5f,4ebb2f00-5676-45d0-b9d3-f83d72dd9500,Ethylene glycol,FALSE,100,107-21-1,FALSE,WEIGHT,NONE
79ea0569-cd6b-53d2-8191-72afa3668095,4ebb2f00-5676-45d0-b9d3-f83d72dd9500,4-tert-Butylbenzoic acid,FALSE,5,98-73-7,FALSE,WEIGHT,NONE
7eeabf12-5fbe-5a6c-8271-f940391da7c5,df1487df-c4fd-45ec-a359-9232c704ef3e,HYDROCARBONS,FALSE,20,,TRUE,VOLUME,NONE
1df13ae6-3128-58d1-affb-687977297a08,df1487df-c4fd-45ec-a359-9232c704ef3e,HYDROXY COMPOUNDS,FALSE,80,,TRUE,VOLUME,NONE
727ed010-9c00-52f3-8721-ca63524a3ea3,df1487df-c4fd-45ec-a359-9232c704ef3e,2-Butanol,FALSE,20,78-92-2,FALSE,VOLUME,NONE
2c0dd017-e466-5ccd-a2c3-430aa4c7f043,df1487df-c4fd-45ec-a359-9232c704ef3e,n-Butanol,FALSE,10,71-36-3,FALSE,VOLUME,NONE
69800dc6-7cde-50ea-93f8-c6415c791b37,df1487df-c4fd-45ec-a359-9232c704ef3e,Ethyl benzene,FALSE,3,100-41-4,FALSE,VOLUME,NONE
a0ea8aaa-4098-55cc-b5e7-acd96156b0d5,81fdde31-ddfc-4d33-8464-d78dd16d5fa8,Mineral Oil,FALSE,30,,TRUE,WEIGHT,NONE
d0b8ac83-b139-5060-8f9f-9a8510f4cbbb,81fdde31-ddfc-4d33-8464-d78dd16d5fa8,Fluorescent Dye,FALSE,95,,TRUE,WEIGHT,NONE
b5c1bd8e-2c76-5609-9147-5e02c3f9fe39,5bcfe6e5-4a37-40f8-92b1-a5d1d3718c13,ALKARYL AMINE,FALSE,1,,TRUE,WEIGHT,NONE
a3ba14eb-1718-542d-a988-a4d0c1ba8647,5bcfe6e5-4a37-40f8-92b1-a5d1d3718c13,KEROSENE,FALSE,1,8008-20-6,FALSE,WEIGHT,NONE
87ac99c9-de66-5649-b059-1f18302be56f,5bcfe6e5-4a37-40f8-92b1-a5d1d3718c13,ALKYL METHACRYLATE COPOLYMER,FALSE,5,,TRUE,WEIGHT,NONE
13077ea7-04ca-5239-940d-a3abc4ecb175,5bcfe6e5-4a37-40f8-92b1-a5d1d3718c13,ALKYL THIOPHOSPHITES,FALSE,1,,TRUE,WEIGHT,NONE
33c4d9bc-2958-5052-815c-d3a5d7901a0a,5bcfe6e5-4a37-40f8-92b1-a5d1d3718c13,Mineral oil,FALSE,90,,TRUE,WEIGHT,NONE
e40bf39a-6d56-5948-93ab-f8c6db9f6ef5,d41c3e79-d394-419c-9f2f-d2c03a33340f,ALKYL METHACRYLATE COPOLYMER,FALSE,5,63150-07-2,FALSE,WEIGHT,NONE
52a1aa03-ad06-5804-a8c5-a9e53126a219,d41c3e79-d394-419c-9f2f-d2c03a33340f,ALKYL THIOPHOSPHITES,FALSE,1,,TRUE,WEIGHT,NONE
ee117c53-f8b8-50d6-a395-a7a304756128,d41c3e79-d394-419c-9f2f-d2c03a33340f,CATALYTIC DEWAXED LIGHT PARAFFINIC OIL (PETROLEUM),FALSE,30,64742-71-8,FALSE,WEIGHT,NONE
6f3f11c5-dd16-5e7c-b0ac-68f1286f65ae,d41c3e79-d394-419c-9f2f-d2c03a33340f,"LUBRICATING OILS (PETROLEUM), HYDROTREATED NEUTRAL OIL-BASED",FALSE,40,72623-86-0,FALSE,WEIGHT,NONE
e06b8f14-7046-5d2e-b0b7-8365d6d2a001,d41c3e79-d394-419c-9f2f-d2c03a33340f,SEVERELY HYDROTREATED HEAVY PARAFFINIC DISTILLATE,FALSE,30,64742-54-7,FALSE,WEIGHT,NONE
071f567c-e1b5-5cdd-a48e-96845b4d952d,9ac89b52-1f9c-4594-8d83-c4df707287ef,hydrogen,FALSE,99.999,1333-74-0,FALSE,VOLUME,NONE
bb47d33f-58f0-51fb-b1aa-1282ee026e2e,9ac89b52-1f9c-4594-8d83-c4df707287ef,Argon,FALSE,0.0001,7440-37-1,FALSE,VOLUME,NONE
27b20c5a-1c83-5fa8-9fba-4fcbe5c13ca9,9ac89b52-1f9c-4594-8d83-c4df707287ef,Helium,FALSE,0.0001,7440-59-7,FALSE,VOLUME,NONE
cd8a64a3-460b-56e1-921b-af3213d66e84,9ac89b52-1f9c-4594-8d83-c4df707287ef,krypton,FALSE,0.0001,7439-90-9,FALSE,VOLUME,NONE
c503be05-e29d-5644-96f4-99b99a1e365b,9ac89b52-1f9c-4594-8d83-c4df707287ef,Nitrogen,FALSE,0.0001,7727-37-9,FALSE,VOLUME,NONE
d2ebf822-0ef7-5822-b7a0-9883ac65e80a,9ac89b52-1f9c-4594-8d83-c4df707287ef,oxygen,FALSE,0.0001,7782-44-7,FALSE,VOLUME,NONE
cca81b17-64d8-5209-aea3-96a31f068cc2,78454019-521f-40cf-b60c-9842f6c1e475,ethane,FALSE,95.999,74-84-0,FALSE,VOLUME,NONE
39e2b424-bcab-54b4-a414-95e9820813ed,78454019-521f-40cf-b60c-9842f6c1e475,propylene,FALSE,95.999,115-07-1,FALSE,VOLUME,NONE
fd2f8335-2ead-559b-b297-9ad25095a4d3,78454019-521f-40cf-b60c-9842f6c1e475,methane,FALSE,95.999,74-82-8,FALSE,VOLUME,NONE
7c65f19c-f1c3-5438-9dca-d62e0a0dec7e,78454019-521f-40cf-b60c-9842f6c1e475,ethylene,FALSE,95.999,74-85-1,FALSE,VOLUME,NONE
1747b556-f566-56a7-b232-615663856f73,78454019-521f-40cf-b60c-9842f6c1e475,hydrogen,FALSE,95.999,1333-74-0,FALSE,VOLUME,NONE
b7e5383c-4cc8-551f-b8e8-ddcb47f3b6df,78454019-521f-40cf-b60c-9842f6c1e475,Nitrogen,FALSE,0.0001,7727-37-9,FALSE,VOLUME,NONE
a0602ab1-8692-56f1-9b82-9a530d857706,78454019-521f-40cf-b60c-9842f6c1e475,Propane,FALSE,0.0001,74-98-6,FALSE,VOLUME,NONE
6b383d8b-2fba-5356-83d6-8f786cd492dd,78454019-521f-40cf-b60c-9842f6c1e475,"1,2-propadiene",FALSE,0.0001,463-49-0,FALSE,VOLUME,NONE
562bbead-2477-5302-ab3d-1d650a7dc82c,78454019-521f-40cf-b60c-9842f6c1e475,carbon monoxide,FALSE,0.0001,630-08-0,FALSE,VOLUME,NONE
f37d6313-8e9b-579e-bbf1-c00352553990,78454019-521f-40cf-b60c-9842f6c1e475,methyl acetylene,FALSE,0.0001,74-99-7,FALSE,VOLUME,NONE
0bf9e1a9-ed8c-5668-b68d-9fa6e225fbf4,78454019-521f-40cf-b60c-9842f6c1e475,Acetylene,FALSE,0.0001,74-86-2,FALSE,VOLUME,NONE
eb6f4dfb-213b-549e-8123-d195eac8b8f9,78454019-521f-40cf-b60c-9842f6c1e475,"1,3-butadiene",FALSE,0.0001,106-99-0,FALSE,VOLUME,NONE
3f96e1a8-02cc-5395-9647-f53b73b7450e,726b22b4-0960-400e-8d22-cd4348d0a7de,Diisodecyl adipate,FALSE,20,27178-16-1,FALSE,WEIGHT,NONE
7f1f59d3-4de4-5bfa-abf6-c921111dc152,726b22b4-0960-400e-8d22-cd4348d0a7de,Olefin sulphide,FALSE,5,68937-96-2,FALSE,WEIGHT,NONE
f9b62c61-d0b5-57b4-9db6-33031b4dded6,726b22b4-0960-400e-8d22-cd4348d0a7de,"Phosphoric acid ester, amine salt",FALSE,2.5,Not applicable,TRUE,WEIGHT,NONE
0d7ce607-94e3-5e85-9ca9-aa5f04ca96de,726b22b4-0960-400e-8d22-cd4348d0a7de,(Z)-octadec-9-enylamine,FALSE,1,112-90-3,FALSE,WEIGHT,NONE
6e5df5c5-f03a-55cc-a29b-79aabd4c3b30,ca715237-4b95-424d-b21e-865b5c60f848,Deionized Water,FALSE,90,7732-18-5,FALSE,WEIGHT,NONE
caa97660-bacb-5c88-8eab-9d5a0ddf8a44,ca715237-4b95-424d-b21e-865b5c60f848,SODIUM TOLYLTRIAZOLE,FALSE,2,64665-57-2,FALSE,WEIGHT,NONE
3d6142cc-fbde-5f00-9b9e-e50e655e761f,ca715237-4b95-424d-b21e-865b5c60f848,SODIUM XYLENE SULFONATE,FALSE,2,1300-72-7,FALSE,WEIGHT,NONE
1da4982e-d052-5405-a9e4-b15a7368e334,ca715237-4b95-424d-b21e-865b5c60f848,SODIUM HYDROXIDE,FALSE,1,1310-73-2,FALSE,WEIGHT,NONE
0a6eb45d-e012-53e7-97e2-56cc27edc2df,ca715237-4b95-424d-b21e-865b5c60f848,SODIUM TETRABORATE DECAHYDRATE,FALSE,0.2,1303-96-4,FALSE,WEIGHT,NONE
3cabe10f-92bb-591e-b255-6e3f850cc444,364d85c8-7f9f-4534-9df8-012245f78d33,"Naphtha (petroleum), hydrotreated heavy",FALSE,50,64742-48-9,FALSE,WEIGHT,NONE
a7cbbb2e-495e-570e-bf2a-ae312d50aa3d,364d85c8-7f9f-4534-9df8-012245f78d33,"Distillates (petroleum), hydrotreated light",FALSE,25,64742-47-8,FALSE,WEIGHT,NONE
fb1b446e-bdff-5171-b077-c4c52369acf8,364d85c8-7f9f-4534-9df8-012245f78d33,"Hydrocarbons, C10, aromatics, >1% naphthalene",FALSE,10,1189173-42-9,FALSE,WEIGHT,NONE
f9775ebf-a94a-5e35-8755-8b46f12f4a5a,364d85c8-7f9f-4534-9df8-012245f78d33,naphthalene,FALSE,1,91-20-3,FALSE,WEIGHT,NONE
70fa209c-b3f1-5caf-b0d6-c441af12b939,364d85c8-7f9f-4534-9df8-012245f78d33,"Solvent naphtha (petroleum), light arom.",FALSE,1,64742-95-6,FALSE,WEIGHT,NONE
a177a776-a23b-5469-80f0-a051082e935e,364d85c8-7f9f-4534-9df8-012245f78d33,"Distillates (petroleum), hydrotreated light naphthenic",FALSE,1,64742-53-6,FALSE,WEIGHT,NONE
a9046d8e-faf0-58dc-9252-8aff16daf6ec,364d85c8-7f9f-4534-9df8-012245f78d33,"1,2,4-trimethylbenzene",FALSE,0.3,95-63-6,FALSE,WEIGHT,NONE
960089aa-5b59-593b-a2aa-3e64d4eb4e41,364d85c8-7f9f-4534-9df8-012245f78d33,benzene,FALSE,0.1,71-43-2,FALSE,WEIGHT,NONE
8f27ab48-dea7-5a84-b9bf-bc76d968c8e8,31d9743b-1daa-4b66-bcde-5a2162a9cb33,sodium nitrite,FALSE,4.2,7632-00-0,FALSE,WEIGHT,NONE
a6e277df-ac5e-5408-9b51-b53e3b5a2b43,31d9743b-1daa-4b66-bcde-5a2162a9cb33,2-ethylhexanoic acid,FALSE,3,149-57-5,FALSE,WEIGHT,NONE
55eabe0d-c56b-57ca-a069-1ae374bef069,31d9743b-1daa-4b66-bcde-5a2162a9cb33,potassium hydroxide,FALSE,1.9,1310-58-3,FALSE,WEIGHT,NONE
f4b1767c-9791-5aa8-b3b8-2ddc5ca4b390,31d9743b-1daa-4b66-bcde-5a2162a9cb33,disodium metasilicate,FALSE,3,6834-92-0,FALSE,WEIGHT,NONE
822163ab-f099-5f8b-ae39-c5af638b2d5e,31d9743b-1daa-4b66-bcde-5a2162a9cb33,methanol,FALSE,0.1,67-56-1,FALSE,WEIGHT,NONE
04b38a0a-1130-5525-96ef-a673add4fec2,09144c5e-f3bd-40f2-8c72-fac11c8adcfc,"Triethylene glycol, monobutyl ether",FALSE,85,143-22-6,FALSE,WEIGHT,NONE
29da2fa6-6e8b-5a23-926d-dd2a4d08c9c8,09144c5e-f3bd-40f2-8c72-fac11c8adcfc,Diethylene glycol,FALSE,40,111-46-6,FALSE,WEIGHT,NONE
c89ecae5-44c6-5b5c-95fc-75e0f2d7098a,09144c5e-f3bd-40f2-8c72-fac11c8adcfc,Diethylene glycol monobutyl ether,FALSE,20,112-34-5,FALSE,WEIGHT,NONE
ca6defb9-a8d8-543d-9b64-02aa1e083afa,09144c5e-f3bd-40f2-8c72-fac11c8adcfc,Triethylene glycol,FALSE,5,112-27-6,FALSE,WEIGHT,NONE
1e85bd70-9b72-5fda-954c-11d2c165aa5c,7b1439d0-2aea-41ad-92b9-7d4da9345a21,"1-NAPHTHYLAMINE, N-PHENYL-",FALSE,1,90-30-2,FALSE,WEIGHT,NONE
f1a6162d-0124-5cfd-808f-de0b87084977,7b1439d0-2aea-41ad-92b9-7d4da9345a21,ALKYL ACETAMIDE,FALSE,1,N/A,TRUE,WEIGHT,NONE
0fe1c8c1-eb26-55b5-834d-bb4d632d6cd3,7b1439d0-2aea-41ad-92b9-7d4da9345a21,ALKYL METHACRYLATE COPOLYMER,FALSE,5,N/A,TRUE,WEIGHT,NONE
ac4eedbb-ef97-5615-9492-ea8e9c412dd8,7b1439d0-2aea-41ad-92b9-7d4da9345a21,"HYDROTREATED LIGHT PARAFFINIC DISTILLATES, PETROLEUM",FALSE,40,64742-55-8,FALSE,WEIGHT,NONE
3cd62e74-b970-5264-85b5-7119b971471d,7b1439d0-2aea-41ad-92b9-7d4da9345a21,SEVERELY HYDROTREATED HEAVY PARAFFINIC DISTILLATE,FALSE,40,64742-54-7,FALSE,WEIGHT,NONE
946fd064-d39b-56d0-ae62-3def87b3c5fe,99408f92-f245-4366-badf-3193864218a7,"1-Decene, dimer, hydrogenated",FALSE,10,68649-11-6,FALSE,WEIGHT,NONE
153654c8-fcde-5fdc-ad22-abbf6e417ff0,99408f92-f245-4366-badf-3193864218a7,"Distillates (petroleum), hydrotreated middle",FALSE,75,64742-46-7,FALSE,WEIGHT,NONE
25d0e7ff-2ff3-5efb-be72-1b7c8da311d8,1e77ddf9-7001-482f-aa12-46ab9ff2a553,"Distillates, hydrotreated heavy paraffinic",FALSE,50,64742-54-7,FALSE,WEIGHT,NONE
b2184d20-16a2-5f71-b855-d8dfc935d7f7,1e77ddf9-7001-482f-aa12-46ab9ff2a553,"Distillates, hydrotreated light paraffinic",FALSE,40,64742-55-8,FALSE,WEIGHT,NONE
701b2ecf-3ffa-5af8-b856-8d6695d29de6,1e77ddf9-7001-482f-aa12-46ab9ff2a553,Alkyl phosphites,FALSE,0.25,,TRUE,WEIGHT,NONE
fd3406a6-ed9d-5bb5-be5c-e5fa4f2392b8,aa5b21a7-a4d1-4194-af1e-38c394259211,Mineral oil,FALSE,50,64742-55-8,FALSE,WEIGHT,NONE
fd3406a6-ed9d-5bb5-be5c-e5fa4f2392b8,aa5b21a7-a4d1-4194-af1e-38c394259211,Mineral oil,FALSE,30,64742-54-7,FALSE,WEIGHT,NONE
fd3406a6-ed9d-5bb5-be5c-e5fa4f2392b8,aa5b21a7-a4d1-4194-af1e-38c394259211,Mineral oil,FALSE,5,72623-87-1,FALSE,WEIGHT,NONE
4371ec28-dc85-5397-93de-ca71015776e1,aa5b21a7-a4d1-4194-af1e-38c394259211,Olefin sulfide,FALSE,5,,TRUE,WEIGHT,NONE
fd3406a6-ed9d-5bb5-be5c-e5fa4f2392b8,aa5b21a7-a4d1-4194-af1e-38c394259211,Mineral oil,FALSE,5,,TRUE,WEIGHT,NONE
7804045f-3f8a-5773-b5c1-c322034522fc,aa5b21a7-a4d1-4194-af1e-38c394259211,Phosphoric acid esters/amine salt,FALSE,1,,TRUE,WEIGHT,NONE
a6005d54-e695-5609-a42d-cdd340149594,30ac8f0f-3a67-4666-b114-96f27eb7fffd,"BENZENAMINE, AR-NONYL-N-(NONYL PHENYL)-",FALSE,5,36878-20-3,FALSE,WEIGHT,NONE
dd7315ef-c485-5bde-964e-69dfdc92bef9,30ac8f0f-3a67-4666-b114-96f27eb7fffd,"DISTILLATES, HEAVY, C18-50 - BRANCHED, CYCLIC AND LINEAR",FALSE,10,848301-69-9,FALSE,WEIGHT,NONE
b5d83b72-5881-5330-8751-c60a6170888c,30ac8f0f-3a67-4666-b114-96f27eb7fffd,SEVERELY HYDROTREATED HEAVY PARAFFINIC DISTILLATE,FALSE,5,64742-54-7,FALSE,WEIGHT,NONE
ec45aa4e-c10d-5a70-af3f-dd365a542c9a,30ac8f0f-3a67-4666-b114-96f27eb7fffd,SOLVENT DEWAXED HEAVY PARAFFINIC DISTILLATE,FALSE,5,64742-65-0,FALSE,WEIGHT,NONE
6114be95-b26d-5a61-9981-aabfcea2c0dc,30ac8f0f-3a67-4666-b114-96f27eb7fffd,"ZINC BIS(O,O-DIISOOCTYL) BIS(DITHIOPHOSPHATE)",FALSE,1,28629-66-5,FALSE,WEIGHT,NONE
ef357771-2dc7-5abe-9c6e-97e2e254f284,51e576f9-66ba-4671-9b44-c30bef797499,Lead,FALSE,34,7439-92-1,FALSE,WEIGHT,NONE
d5c85946-ba63-57ed-839e-32698a80a6e2,51e576f9-66ba-4671-9b44-c30bef797499,Lead Oxide,FALSE,31,1309-60-0,FALSE,WEIGHT,NONE
b113274d-64be-5981-9375-621b8e548a4c,51e576f9-66ba-4671-9b44-c30bef797499,Lead Sulfate (Anglesite),FALSE,1,7446-14-2,FALSE,WEIGHT,NONE
41d16cd7-b39d-5344-9f15-278da7376d7a,51e576f9-66ba-4671-9b44-c30bef797499,Battery Electrolyte (Sulfuric Acid (35%)),TRUE,34,7664-93-9,FALSE,WEIGHT,NONE
e40e6eb6-9e92-5556-a78f-be0cc14a6a10,4c96bad4-8a8a-437f-b7f4-60df447776fc,Ethylene Glycol,FALSE,50,107-21-1,FALSE,WEIGHT,NONE
8cecd4bb-e611-561f-ae86-11b0a1516f1d,4c96bad4-8a8a-437f-b7f4-60df447776fc,Diethylene Glycol,FALSE,3,111-46-6,FALSE,WEIGHT,NONE
ab8bf131-f1ea-5806-b9cd-8127e9494647,4c96bad4-8a8a-437f-b7f4-60df447776fc,"Hydrated inorganic acid, organic acid salts",FALSE,5,,TRUE,WEIGHT,NONE
be2b0201-8f5e-5342-9255-3443c4c387b6,4c96bad4-8a8a-437f-b7f4-60df447776fc,Water,FALSE,55,7732-18-5,FALSE,WEIGHT,NONE
18e8d8cd-50c7-522e-b6b1-88d5ff09a2a5,9aa60d8c-076e-4f86-83c7-06198f950f7b,"Petroleum distillates, hydrotreated heavy paraffinic",FALSE,100,64742-54-7,FALSE,WEIGHT,NONE
d2613574-782d-572d-a13c-890066ad4bcc,9aa60d8c-076e-4f86-83c7-06198f950f7b,"2,6-Di-tert-butylphenol",FALSE,1,128-39-2,FALSE,WEIGHT,NONE
94c19ddd-5bf6-543d-b0ba-bcb8c28649a6,0923217c-cb92-48cd-88b2-1dfe09512683,"Petroleum distillates, hydrotreated heavy paraffinic",FALSE,90,64742-54-7,FALSE,WEIGHT,NONE
d6be8f12-334d-5f11-b056-be4147d37dee,cbaa07da-3a98-4d1b-8308-a7681be93319,water,FALSE,100,7732-18-5,FALSE,VOLUME,NONE
618a2e0e-5629-5d4e-bdf1-2083efbd8fb9,cbaa07da-3a98-4d1b-8308-a7681be93319,sodium hydrogencarbonate,FALSE,5,144-55-8,FALSE,VOLUME,NONE
42f77398-aba0-52d1-b1a3-745bb69c64f8,cbaa07da-3a98-4d1b-8308-a7681be93319,2-Propoxyethanol,FALSE,3,2807-30-9,FALSE,VOLUME,NONE
08bcecea-c627-5da2-893d-12ed467b4be0,cbaa07da-3a98-4d1b-8308-a7681be93319,Isopropyl alcohol,FALSE,1.5,67-63-0,FALSE,VOLUME,NONE
f66c4dba-a328-54f4-9080-e135438645db,9750b0c1-c9cb-4527-8e4e-add1e05db280,"Distillates (petroleum), hydrotreated heavy paraffinic",FALSE,90,64742-54-7,FALSE,WEIGHT,NONE
f66c4dba-a328-54f4-9080-e135438645db,9750b0c1-c9cb-4527-8e4e-add1e05db280,"Distillates (petroleum), hydrotreated heavy paraffinic",FALSE,25,64742-54-7,FALSE,WEIGHT,NONE
80eb7352-f1b1-51ba-b865-64bf66c6460e,ab742f24-4cfb-4bf1-b651-968fe83a3911,Triethylene Glycol Monomethyl Ether,FALSE,50,112-35-6,FALSE,WEIGHT,NONE
460cfd70-1c02-57bb-a910-06129ea0513d,ab742f24-4cfb-4bf1-b651-968fe83a3911,Triethyleneglycol Monoethyl Ether,FALSE,50,112-50-5,FALSE,WEIGHT,NONE
56ea134f-3cd7-5e19-b1b0-3faa9365c45a,ab742f24-4cfb-4bf1-b651-968fe83a3911,Triethylene Glycol Monobutyl Ether,FALSE,50,143-22-6,FALSE,WEIGHT,NONE
6abb9437-f097-57be-b30d-431ecac423d2,ab742f24-4cfb-4bf1-b651-968fe83a3911,"3,6,9,12-Tetraoxahexadecane-1-ol",FALSE,20,1559-34-8,FALSE,WEIGHT,NONE
a99e50da-a5b5-58ba-b229-d1627568e789,ab742f24-4cfb-4bf1-b651-968fe83a3911,Polyethylene Glycol 200-600,FALSE,20,25322-68-3,FALSE,WEIGHT,NONE
68bfd665-e8ff-56cd-948d-3805f41b8c5d,ab742f24-4cfb-4bf1-b651-968fe83a3911,2-(2-Butoxyethoxy) Ethanol,FALSE,20,112-34-5,FALSE,WEIGHT,NONE
b0079b31-7af0-56b3-a2ac-9295168c7b89,ab742f24-4cfb-4bf1-b651-968fe83a3911,Tetraethylene Glycol Monomethyl Ether,FALSE,20,23783-42-8,FALSE,WEIGHT,NONE
15aa79d6-a3ba-5f33-9929-80f96905c36e,ab742f24-4cfb-4bf1-b651-968fe83a3911,"Oxirane, 2-Methyl-, Polymer with Oxirane, Monobutyl Ether",FALSE,20,9038-95-3,FALSE,WEIGHT,NONE
04a55fec-10a9-5c18-824c-1d53459a5b83,ab742f24-4cfb-4bf1-b651-968fe83a3911,Polyalkylene Glycol Monobutyl Ether,FALSE,20,9004-77-7,FALSE,WEIGHT,NONE
2394bb2f-3ba8-51d5-ba4a-8799cfa68cca,ab742f24-4cfb-4bf1-b651-968fe83a3911,Diethylene Glycol,FALSE,15,111-46-6,FALSE,WEIGHT,NONE
e143c74a-dabd-5734-8016-6d9f43925b8f,ab742f24-4cfb-4bf1-b651-968fe83a3911,Diethylene Glycol Monomethyl Ether,FALSE,5,111-77-3,FALSE,WEIGHT,NONE
ca189e4e-e056-5af8-bac3-abc96c418c49,ab742f24-4cfb-4bf1-b651-968fe83a3911,Diethyleneglycolmonoethyl Ether,FALSE,5,111-90-0,FALSE,WEIGHT,NONE
c0c85a13-547f-5fe6-a8cd-5ef3b958330b,ab742f24-4cfb-4bf1-b651-968fe83a3911,Trade Secret Inhibitor Package,FALSE,3,Trade Secret,TRUE,WEIGHT,NONE
f3d1b625-f5aa-5b99-8dd0-b6b90d7ec933,ca496247-83b1-4e53-b780-bdd19d4b3d91,Benzyl acetate,FALSE,10,140-11-4,FALSE,WEIGHT,NONE
1c9cfca6-9542-56f7-87fd-f31b6f07f345,ca496247-83b1-4e53-b780-bdd19d4b3d91,Diphenyl ether,FALSE,5,101-84-8,FALSE,WEIGHT,NONE
86c33bfb-13b4-5647-bd79-cf8cf63c302d,ca496247-83b1-4e53-b780-bdd19d4b3d91,Citral,FALSE,1.5,5392-40-5,FALSE,WEIGHT,NONE
d49a8c84-c022-5802-8e1a-fe4302c541a8,8f29dfed-c702-4c5b-b6ae-d2c16c20f69c,propan-2-ol,FALSE,50,67-63-0,FALSE,WEIGHT,NONE
64465b92-08b1-53e4-9c5e-2049ee39239b,8f29dfed-c702-4c5b-b6ae-d2c16c20f69c,xylene,FALSE,25,1330-20-7,FALSE,WEIGHT,NONE
d7dabc57-992f-585f-ab94-d5b2da1d67d4,8f29dfed-c702-4c5b-b6ae-d2c16c20f69c,2-butoxyethanol,FALSE,25,111-76-2,FALSE,WEIGHT,NONE
9d5a556d-0bdf-558b-9596-059b93853694,8f29dfed-c702-4c5b-b6ae-d2c16c20f69c,butan-1-ol,FALSE,10,71-36-3,FALSE,WEIGHT,NONE
1f66ef74-989d-54a5-b109-e1f6c76ab618,8f29dfed-c702-4c5b-b6ae-d2c16c20f69c,ethylbenzene,FALSE,10,100-41-4,FALSE,WEIGHT,NONE
f83b056e-f3d1-5e7a-8e7c-cb39110fa2b5,8f29dfed-c702-4c5b-b6ae-d2c16c20f69c,morpholine,FALSE,3,110-91-8,FALSE,WEIGHT,NONE
f8236249-5857-5097-bcc2-7fd48c80cd19,da467bf7-b6c0-4195-a9f8-3a02d93f1d06,Isobutane,FALSE,100,75-28-5,FALSE,VOLUME,NONE
f8a7d123-3b43-5939-97f1-45e41a6fdf7d,da467bf7-b6c0-4195-a9f8-3a02d93f1d06,Propane,FALSE,100,74-98-6,FALSE,VOLUME,NONE
e43c6650-cb3f-5c83-b706-11f7ff9ae9b0,da467bf7-b6c0-4195-a9f8-3a02d93f1d06,Butane,FALSE,100,106-97-8,FALSE,VOLUME,NONE
1634f926-9228-57d8-a8ee-c10d7b83aa5f,4ebb2f00-5676-45d0-b9d3-f83d72dd9500,Ethylene glycol,FALSE,100,107-21-1,FALSE,WEIGHT,NONE
79ea0569-cd6b-53d2-8191-72afa3668095,4ebb2f00-5676-45d0-b9d3-f83d72dd9500,4-tert-Butylbenzoic acid,FALSE,5,98-73-7,FALSE,WEIGHT,NONE
7eeabf12-5fbe-5a6c-8271-f940391da7c5,df1487df-c4fd-45ec-a359-9232c704ef3e,HYDROCARBONS,FALSE,20,,TRUE,VOLUME,NONE
1df13ae6-3128-58d1-affb-687977297a08,df1487df-c4fd-45ec-a359-9232c704ef3e,HYDROXY COMPOUNDS,FALSE,80,,TRUE,VOLUME,NONE
727ed010-9c00-52f3-8721-ca63524a3ea3,df1487df-c4fd-45ec-a359-9232c704ef3e,2-Butanol,FALSE,20,78-92-2,FALSE,VOLUME,NONE
2c0dd017-e466-5ccd-a2c3-430aa4c7f043,df1487df-c4fd-45ec-a359-9232c704ef3e,n-Butanol,FALSE,10,71-36-3,FALSE,VOLUME,NONE
69800dc6-7cde-50ea-93f8-c6415c791b37,df1487df-c4fd-45ec-a359-9232c704ef3e,Ethyl benzene,FALSE,3,100-41-4,FALSE,VOLUME,NONE
a0ea8aaa-4098-55cc-b5e7-acd96156b0d5,81fdde31-ddfc-4d33-8464-d78dd16d5fa8,Mineral Oil,FALSE,30,,TRUE,WEIGHT,NONE
d0b8ac83-b139-5060-8f9f-9a8510f4cbbb,81fdde31-ddfc-4d33-8464-d78dd16d5fa8,Fluorescent Dye,FALSE,95,,TRUE,WEIGHT,NONE
071f567c-e1b5-5cdd-a48e-96845b4d952d,9ac89b52-1f9c-4594-8d83-c4df707287ef,hydrogen,FALSE,99.999,1333-74-0,FALSE,VOLUME,NONE
bb47d33f-58f0-51fb-b1aa-1282ee026e2e,9ac89b52-1f9c-4594-8d83-c4df707287ef,Argon,FALSE,0.0001,7440-37-1,FALSE,VOLUME,NONE
27b20c5a-1c83-5fa8-9fba-4fcbe5c13ca9,9ac89b52-1f9c-4594-8d83-c4df707287ef,Helium,FALSE,0.0001,7440-59-7,FALSE,VOLUME,NONE
cd8a64a3-460b-56e1-921b-af3213d66e84,9ac89b52-1f9c-4594-8d83-c4df707287ef,krypton,FALSE,0.0001,7439-90-9,FALSE,VOLUME,NONE
c503be05-e29d-5644-96f4-99b99a1e365b,9ac89b52-1f9c-4594-8d83-c4df707287ef,Nitrogen,FALSE,0.0001,7727-37-9,FALSE,VOLUME,NONE
d2ebf822-0ef7-5822-b7a0-9883ac65e80a,9ac89b52-1f9c-4594-8d83-c4df707287ef,oxygen,FALSE,0.0001,7782-44-7,FALSE,VOLUME,NONE
cca81b17-64d8-5209-aea3-96a31f068cc2,78454019-521f-40cf-b60c-9842f6c1e475,ethane,FALSE,95.999,74-84-0,FALSE,VOLUME,NONE
39e2b424-bcab-54b4-a414-95e9820813ed,78454019-521f-40cf-b60c-9842f6c1e475,propylene,FALSE,95.999,115-07-1,FALSE,VOLUME,NONE
fd2f8335-2ead-559b-b297-9ad25095a4d3,78454019-521f-40cf-b60c-9842f6c1e475,methane,FALSE,95.999,74-82-8,FALSE,VOLUME,NONE
7c65f19c-f1c3-5438-9dca-d62e0a0dec7e,78454019-521f-40cf-b60c-9842f6c1e475,ethylene,FALSE,95.999,74-85-1,FALSE,VOLUME,NONE
1747b556-f566-56a7-b232-615663856f73,78454019-521f-40cf-b60c-9842f6c1e475,hydrogen,FALSE,95.999,1333-74-0,FALSE,VOLUME,NONE
b7e5383c-4cc8-551f-b8e8-ddcb47f3b6df,78454019-521f-40cf-b60c-9842f6c1e475,Nitrogen,FALSE,0.0001,7727-37-9,FALSE,VOLUME,NONE
a0602ab1-8692-56f1-9b82-9a530d857706,78454019-521f-40cf-b60c-9842f6c1e475,Propane,FALSE,0.0001,74-98-6,FALSE,VOLUME,NONE
6b383d8b-2fba-5356-83d6-8f786cd492dd,78454019-521f-40cf-b60c-9842f6c1e475,"1,2-propadiene",FALSE,0.0001,463-49-0,FALSE,VOLUME,NONE
562bbead-2477-5302-ab3d-1d650a7dc82c,78454019-521f-40cf-b60c-9842f6c1e475,carbon monoxide,FALSE,0.0001,630-08-0,FALSE,VOLUME,NONE
f37d6313-8e9b-579e-bbf1-c00352553990,78454019-521f-40cf-b60c-9842f6c1e475,methyl acetylene,FALSE,0.0001,74-99-7,FALSE,VOLUME,NONE
0bf9e1a9-ed8c-5668-b68d-9fa6e225fbf4,78454019-521f-40cf-b60c-9842f6c1e475,Acetylene,FALSE,0.0001,74-86-2,FALSE,VOLUME,NONE
eb6f4dfb-213b-549e-8123-d195eac8b8f9,78454019-521f-40cf-b60c-9842f6c1e475,"1,3-butadiene",FALSE,0.0001,106-99-0,FALSE,VOLUME,NONE
b8530423-aee2-5a29-b9ea-c03151904781,577d7dac-19fa-41d4-84a4-e6f88b3494ba,TOLUENE,FALSE,100,108-88-3,FALSE,VOLUME,NONE
1e5f8e37-6aae-58df-9d6f-578238412676,577d7dac-19fa-41d4-84a4-e6f88b3494ba,"DISTILLATE, HYDROTREATED LIGHT",FALSE,100,64742-47-8,FALSE,VOLUME,NONE
279dbfe9-45c7-5222-b441-221b881c66f5,577d7dac-19fa-41d4-84a4-e6f88b3494ba,METHANOL,FALSE,100,67-56-1,FALSE,VOLUME,NONE
43286f9d-b40b-50a2-acb2-fb8fa7009ed6,577d7dac-19fa-41d4-84a4-e6f88b3494ba,N-METHYL PYRROLIDONE,FALSE,100,872-50-4,FALSE,VOLUME,NONE
bf612c1a-db3c-547a-bdad-de2a0bc498d1,577d7dac-19fa-41d4-84a4-e6f88b3494ba,CARBON DIOXIDE,FALSE,100,124-38-9,FALSE,VOLUME,NONE
0ebe7b37-e0a4-53cc-b86f-101c54db9a53,c2f9bb44-d0d5-4e88-b456-b8c00fbf296e,METHANOL,TRUE,1,67-56-1,FALSE,WEIGHT,NONE
dd974b65-56f4-5f5d-b013-9fb668113e6e,c2f9bb44-d0d5-4e88-b456-b8c00fbf296e,TRIETHYLAMINE,TRUE,1,121-44-8,FALSE,WEIGHT,NONE
d51ade00-0cb9-5c0b-abf4-d0cf6683d3cc,c2f9bb44-d0d5-4e88-b456-b8c00fbf296e,AQUA AMMONIA,FALSE,1,1336-21-6,FALSE,WEIGHT,NONE
9feca67c-505f-5ea0-918c-55c01fd2551a,c2f9bb44-d0d5-4e88-b456-b8c00fbf296e,N-METHYL PYRROLIDONE,TRUE,1,872-50-4,FALSE,WEIGHT,NONE
6a8dd8c2-d917-52f9-9e3c-7e94a9216da3,2ccc67b0-a67b-4e18-af42-53342b95c952,Carbon Black,FALSE,1,1333-86-4,FALSE,WEIGHT,NONE
fcd41e3c-c9e4-5096-80f2-cb28ecca4f0c,2ccc67b0-a67b-4e18-af42-53342b95c952,"1,2-Dimethoxyethane",FALSE,6,110-71-4,FALSE,WEIGHT,NONE
d59b9a7f-74b9-5c5d-890b-12deb8320b19,2ccc67b0-a67b-4e18-af42-53342b95c952,"1,3-Dioxolane",FALSE,8,646-06-0,FALSE,WEIGHT,NONE
008a4016-6e81-5865-ac84-a99700d9b3f9,2ccc67b0-a67b-4e18-af42-53342b95c952,Graphite,FALSE,3,7782-42-5,FALSE,WEIGHT,NONE
a372695b-babf-52f2-b537-17ae2e240806,2ccc67b0-a67b-4e18-af42-53342b95c952,Lithium or Lithium Alloy,FALSE,6,7439-93-2,FALSE,WEIGHT,NONE
f09862dd-0a55-5d02-826d-2292d02d51ac,2ccc67b0-a67b-4e18-af42-53342b95c952,Lithium Perchlorate,FALSE,3,7791-03-9,FALSE,WEIGHT,NONE
5731ad2d-f673-5ba0-850b-8975c5d597ba,2ccc67b0-a67b-4e18-af42-53342b95c952,Lithium Trifluoromethanesulfonate,FALSE,3,33454-82-9,FALSE,WEIGHT,NONE
470684b5-5892-5c3c-97fc-3bbffc4c98b9,2ccc67b0-a67b-4e18-af42-53342b95c952,Lithium Trifluoromethanesulfonimide,FALSE,3,90076-65-6,FALSE,WEIGHT,NONE
6447017c-cb69-55fa-a605-0f1afcef4244,2ccc67b0-a67b-4e18-af42-53342b95c952,Manganese Dioxide,FALSE,42,1313-13-9,FALSE,WEIGHT,NONE
372be1f4-1b73-58d2-afa5-10073cca13e8,2ccc67b0-a67b-4e18-af42-53342b95c952,Propylene Carbonate,FALSE,8,108-32-7,FALSE,WEIGHT,NONE
95df74b5-fd4e-5977-8a7d-4a126ca99011,2ccc67b0-a67b-4e18-af42-53342b95c952,Steel,FALSE,20,65997-19-5,FALSE,WEIGHT,NONE
7bbf4af3-67bd-5d33-bf1d-aa225cfd676c,3a8675b0-fe8d-486f-a191-ae66c9bc130a,"Naphtha (petroleum), hydrotreated heavy",FALSE,50,64742-48-9,FALSE,VOLUME,NONE
ff7b24e8-94d2-58cd-89d9-94a0fa89be0c,3a8675b0-fe8d-486f-a191-ae66c9bc130a,"Distillates (petroleum), hydrotreated light",FALSE,25,64742-47-8,FALSE,VOLUME,NONE
588d47e7-2a04-5225-b558-4d9f193b3096,3a8675b0-fe8d-486f-a191-ae66c9bc130a,benzene,TRUE,0.1,71-43-2,FALSE,VOLUME,NONE
32383165-b79d-56b4-8d27-6a6b71cac3a4,a7d98aba-75f2-426d-917d-cae78190eedc,"Triethylene glycol, monobutyl ether",FALSE,60,143-22-6,FALSE,WEIGHT,NONE
3f26b090-3d0a-59e7-9d0e-065d5192d275,a7d98aba-75f2-426d-917d-cae78190eedc,Diethylene glycol,FALSE,40,111-46-6,FALSE,WEIGHT,NONE
b31e6d76-aac9-51e5-bbc8-6489a4e7e7a4,a7d98aba-75f2-426d-917d-cae78190eedc,"Poly(oxy-1,2-ethanediyl), .alpha.-hydro-.omega.-hydroxy-, ester with boric acid (H3BO3), methyl ether",FALSE,40,71243-41-9,FALSE,WEIGHT,NONE
6107a595-a4e2-5e48-bf8e-3a604d3f6710,a7d98aba-75f2-426d-917d-cae78190eedc,Triethylene glycol,FALSE,5,112-27-6,FALSE,WEIGHT,NONE
5ae3896e-f061-5d79-ab2b-90ecd4701ffc,a7d98aba-75f2-426d-917d-cae78190eedc,Tetraethylene glycol,FALSE,0.1,112-60-7,FALSE,WEIGHT,NONE
31da9d39-35bf-51b1-ad65-41a780dcc3b1,fa9e3b0e-3796-42ce-bac0-d7cdc2268c4d,"PETROLEUM DISTILLATES, SOLVENT-REFINED LIGHT PARAFFINIC",FALSE,70,64741-89-5,FALSE,WEIGHT,NONE
a43a48d2-c3dd-5fbb-b4b1-29d5e2fafadb,fa9e3b0e-3796-42ce-bac0-d7cdc2268c4d,"PETROLEUM DISTILLATES, SOLVENT-REFINED HEAVY PARAFFINIC",FALSE,40,64741-88-4,FALSE,WEIGHT,NONE
d4f034a7-b2bf-5cb9-a121-bf59bc282b00,2022f22c-ddc9-4b05-8b3c-59906893aad5,"PETROLEUM DISTILLATES, SOLVENT-REFINED LIGHT PARAFFINIC",FALSE,70,64741-89-5,FALSE,VOLUME,NONE
535ae756-f460-5de2-8b50-3efcd815f516,2022f22c-ddc9-4b05-8b3c-59906893aad5,"PETROLEUM DISTILLATES, SOLVENT-REFINED HEAVY PARAFFINIC",FALSE,40,64741-88-4,FALSE,VOLUME,NONE
4b2e120a-15d7-5551-b0ed-edbea89d5d2f,0c64ee57-df11-40b7-a989-fa2a6abae748,TOLUENE,TRUE,100,108-88-3,FALSE,WEIGHT,NONE
3bedecb0-11dc-59a0-927f-49bf194be236,0c64ee57-df11-40b7-a989-fa2a6abae748,KEROSENE,FALSE,100,8008-20-6,FALSE,WEIGHT,NONE
54b67569-0541-5137-b9a7-04ab243429cd,0c64ee57-df11-40b7-a989-fa2a6abae748,ISOPROPYL ALCOHOL,FALSE,100,67-63-0,FALSE,WEIGHT,NONE
36c194e9-c2bd-5f31-9874-23ce5889078d,0c64ee57-df11-40b7-a989-fa2a6abae748,TRIETHYLAMINE,FALSE,100,121-44-8,FALSE,WEIGHT,NONE
533689ae-21cb-5925-bf78-df4ffea730e7,0c64ee57-df11-40b7-a989-fa2a6abae748,M-PYROL (N-METHYL-2-PYRROLIDONE),TRUE,100,872-50-4,FALSE,WEIGHT,NONE
139e7e44-abdd-57f2-ac9c-62bc9a3da18c,0c64ee57-df11-40b7-a989-fa2a6abae748,AMMONIUM HYDROXIDE,FALSE,100,1336-21-6,FALSE,WEIGHT,NONE
d231ee69-b143-52f9-af2f-4b2251252fa2,c2d9f0bf-dfed-43de-a6a0-08e6bcecc57c,acetone,FALSE,100,67-64-1,FALSE,VOLUME,NONE
ce37a3d1-4318-5d4f-bbda-6e8cfd2a7dee,7741efef-a1f3-47f4-b28b-439a8ddf1f5d,Ethylene Glycol,TRUE,50,107-21-1,FALSE,WEIGHT,NONE
69caed51-7d77-5264-9609-e4e31ea5f15a,7741efef-a1f3-47f4-b28b-439a8ddf1f5d,Diethylene Glycol,FALSE,3,111-46-6,FALSE,WEIGHT,NONE
d6c36dee-be9d-5078-9474-4876056620c5,7741efef-a1f3-47f4-b28b-439a8ddf1f5d,"Hydrated inorganic acid, organic acid salts",FALSE,5,,TRUE,WEIGHT,NONE
5a045827-4c20-55e3-b9dd-0dd7c4aee5c1,7741efef-a1f3-47f4-b28b-439a8ddf1f5d,Water,FALSE,55,7732-18-5,FALSE,WEIGHT,NONE
2f561aed-5ead-5d27-a153-2fe3a39c1f88,96b9ad75-3330-4ac4-8ce0-49ffcb6e4484,Hydrotreated Heavy Paraffinic Distillate,FALSE,90,64742-54-7,FALSE,WEIGHT,NONE
2749d7aa-3468-5060-85da-aa1fc9282d7d,96b9ad75-3330-4ac4-8ce0-49ffcb6e4484,Additive,FALSE,10,Mixed,TRUE,WEIGHT,NONE
0b42a0cf-2a2f-523a-813f-42ad608bb104,0c797d87-17f0-447f-a8b4-70afd6427ab6,"Petroleum distillates, hydrotreated heavy paraffinic",FALSE,90,64742-54-7,FALSE,WEIGHT,NONE
f260d8b4-bd07-587d-9434-660b09e52485,0c797d87-17f0-447f-a8b4-70afd6427ab6,"Petroleum distillates, hydrotreated light paraffinic",FALSE,5,64742-55-8,FALSE,WEIGHT,NONE
03ecbea0-8514-571b-8cc6-8ecbdba275ee,d7f61988-3ac9-425a-b3ad-f9c789370039,"PETROLEUM DISTILLATES, SOLVENT-REFINED LIGHT PARAFFINIC",FALSE,70,64741-89-5,FALSE,WEIGHT,NONE
c9244554-a45e-5bc1-8013-8244ff753dde,d7f61988-3ac9-425a-b3ad-f9c789370039,"PETROLEUM DISTILLATES, SOLVENT-REFINED HEAVY PARAFFINIC",FALSE,40,64741-88-4,FALSE,WEIGHT,NONE
dc8f659e-df2e-54bd-be32-b9d75d68dd47,5f01fb73-8bf0-47a1-b6bb-bcaf54a43cc7,"PETROLEUM DISTILLATES, SOLVENT-REFINED LIGHT PARAFFINIC",FALSE,70,64741-89-5,FALSE,WEIGHT,NONE
44c1de10-5d62-51e1-b4d7-919219c84e6a,5f01fb73-8bf0-47a1-b6bb-bcaf54a43cc7,"PETROLEUM DISTILLATES, SOLVENT-REFINED HEAVY PARAFFINIC",FALSE,40,64741-88-4,FALSE,WEIGHT,NONE
02d06840-1088-5820-97da-04bc4fafe170,3cf28a6c-7a63-4eed-afd7-17d2845f9777,Carbon Black,FALSE,4,1333-86-4,FALSE,WEIGHT,NONE
3ab251bb-b79f-56e9-9a81-32e2c81fe69b,3cf28a6c-7a63-4eed-afd7-17d2845f9777,"1,2 Diemethoxyethane",FALSE,4,110-71-4,FALSE,WEIGHT,NONE
03cb106b-c7ee-5da2-ae62-8fea73477629,3cf28a6c-7a63-4eed-afd7-17d2845f9777,"1,3 Dioxolane",FALSE,9,646-06-0,FALSE,WEIGHT,NONE
54071cf8-f944-510c-af82-5fbf92dc18a8,3cf28a6c-7a63-4eed-afd7-17d2845f9777,Graphite,FALSE,4,7782-42-5,FALSE,WEIGHT,NONE
19b309fe-6e23-53cc-bacc-f2ce9354bc08,3cf28a6c-7a63-4eed-afd7-17d2845f9777,Iron Disulfide,FALSE,38,1309-36-0,FALSE,WEIGHT,NONE
545fdba4-a108-546e-9d56-44e27a745cab,3cf28a6c-7a63-4eed-afd7-17d2845f9777,Lithium or Lithium Alloy,FALSE,6.6,,TRUE,WEIGHT,NONE
32d808f7-7c22-59d9-a1dd-84aafffa3af6,3cf28a6c-7a63-4eed-afd7-17d2845f9777,Lithium Iodide,FALSE,3,,TRUE,WEIGHT,NONE
6336bbc3-ddce-54fe-b492-90c755169044,3cf28a6c-7a63-4eed-afd7-17d2845f9777,Steel,FALSE,22,65997-19-5,FALSE,WEIGHT,NONE
e6410bd5-bdd7-51ed-81c7-7191e5e66253,3cf28a6c-7a63-4eed-afd7-17d2845f9777,Plastic and Other,FALSE,100,,TRUE,WEIGHT,NONE
4969eeff-3614-5e00-ad27-8e93ff30a6d6,39f8a4c1-566d-4956-863d-b393c26e9d28,Carbon Black,FALSE,1,1333-86-4,FALSE,WEIGHT,NONE
54a7a4c8-f03c-5197-a3f5-c910a5995f65,39f8a4c1-566d-4956-863d-b393c26e9d28,"1,2-Dimethoxyethane",FALSE,6,110-71-4,FALSE,WEIGHT,NONE
cde9975b-bde5-5079-896f-07399dc690aa,39f8a4c1-566d-4956-863d-b393c26e9d28,"1,3-Dioxolane",FALSE,8,646-06-0,FALSE,WEIGHT,NONE
963779fe-98cc-5792-8991-f8234f454912,39f8a4c1-566d-4956-863d-b393c26e9d28,Graphite,FALSE,3,7782-42-5,FALSE,WEIGHT,NONE
950d5d88-df30-5138-ae16-08167059f56a,39f8a4c1-566d-4956-863d-b393c26e9d28,Lithium or Lithium Alloy,FALSE,6,7439-93-2,FALSE,WEIGHT,NONE
ccd3cf65-c721-5069-92b1-f77b2840d624,39f8a4c1-566d-4956-863d-b393c26e9d28,Lithium Perchlorate,FALSE,3,7791-03-9,FALSE,WEIGHT,NONE
9dcd80f4-5ba0-50aa-9105-ff98f0f3825f,39f8a4c1-566d-4956-863d-b393c26e9d28,Lithium Trifluoromethanesulfonate,FALSE,3,33454-82-9,FALSE,WEIGHT,NONE
1d210671-64b8-559e-a546-e747c57b4180,39f8a4c1-566d-4956-863d-b393c26e9d28,Lithium Trifluoromethanesulfonimide,FALSE,3,90076-65-6,FALSE,WEIGHT,NONE
b98adb55-7f4e-5e8f-84ee-80f92046660d,39f8a4c1-566d-4956-863d-b393c26e9d28,Manganese Dioxide,FALSE,42,1313-13-9,FALSE,WEIGHT,NONE
36acd4bc-3728-5dfc-8ebc-c03266da2c10,39f8a4c1-566d-4956-863d-b393c26e9d28,Propylene Carbonate,FALSE,8,108-32-7,FALSE,WEIGHT,NONE
6d117807-fc89-54c4-85d2-8302c0e872c0,9f99aad7-ca94-401d-9fdf-cad86abfe665,Carbon Black,FALSE,4,1333-86-4,FALSE,WEIGHT,NONE
aabffd1e-699f-5f38-9e42-11e28d466af0,9f99aad7-ca94-401d-9fdf-cad86abfe665,"1,2 Diemethoxyethane",FALSE,4,110-71-4,FALSE,WEIGHT,NONE
923d2529-2bad-59b4-b60e-df8e2cb45e11,9f99aad7-ca94-401d-9fdf-cad86abfe665,"1,3 Dioxolane",FALSE,9,646-06-0,FALSE,WEIGHT,NONE
2691de84-5097-5ec4-8dc8-d7395f71b4f0,9f99aad7-ca94-401d-9fdf-cad86abfe665,Graphite,FALSE,4,7782-42-5,FALSE,WEIGHT,NONE
bd2a2476-19a7-5519-a9a1-b67d36798d5f,9f99aad7-ca94-401d-9fdf-cad86abfe665,Iron Disulfide,FALSE,35,1309-36-0,FALSE,WEIGHT,NONE
0a1b9304-57af-5b54-b9f4-0f42e3c9c366,9f99aad7-ca94-401d-9fdf-cad86abfe665,Lithium or Lithium Alloy,FALSE,6.7,,TRUE,WEIGHT,NONE
502012b2-06f7-516a-bbc7-9a7d31c41bfd,9f99aad7-ca94-401d-9fdf-cad86abfe665,Lithium Iodide,FALSE,3,,TRUE,WEIGHT,NONE
d6a934a0-7e62-55a3-a417-f9958cd7b394,9f99aad7-ca94-401d-9fdf-cad86abfe665,Steel (iron),FALSE,22,7439-89-6,FALSE,WEIGHT,NONE
47cc8318-06ed-5213-873a-1315555425c0,9f99aad7-ca94-401d-9fdf-cad86abfe665,Plastic and Other Non-Hazardous Components,FALSE,0,,TRUE,WEIGHT,NONE
a9da90d0-c927-518e-a2cb-b556b48b887b,3b6895be-077a-4641-93fa-a8950e6ca664,Carbon Black,FALSE,4,1333-86-4,FALSE,WEIGHT,NONE
a87c8f5b-df7a-5908-8efe-31550af3c960,3b6895be-077a-4641-93fa-a8950e6ca664,"1,2 Diemethoxyethane",FALSE,4,110-71-4,FALSE,WEIGHT,NONE
143d4813-b80c-5998-8083-0b9e8e057160,3b6895be-077a-4641-93fa-a8950e6ca664,"1,3 Dioxolane",FALSE,9,646-06-0,FALSE,WEIGHT,NONE
2a77114c-3982-5da1-8762-eaac412f16ec,3b6895be-077a-4641-93fa-a8950e6ca664,Graphite,FALSE,4,7782-42-5,FALSE,WEIGHT,NONE
cfe011ba-6893-5bfb-b0a4-c6ae9afe6db1,3b6895be-077a-4641-93fa-a8950e6ca664,Iron Disulfide,FALSE,38,1309-36-0,FALSE,WEIGHT,NONE
dff9080f-5b17-5bf9-8519-36051551ae3f,3b6895be-077a-4641-93fa-a8950e6ca664,Lithium or Lithium Alloy,FALSE,6.6,,TRUE,WEIGHT,NONE
0371b01d-c6db-5055-bc76-061bab15b023,3b6895be-077a-4641-93fa-a8950e6ca664,Lithium Iodide,FALSE,3,,TRUE,WEIGHT,NONE
4a0536f5-dc14-5384-8d03-af9c81c77368,a9850eb3-bfc0-4b14-bef3-4644b93042a0,"Argon, Compressed",FALSE,75,7440-37-1,FALSE,VOLUME,NONE
0cc6871f-1245-514e-a072-3723f11a6e0f,a9850eb3-bfc0-4b14-bef3-4644b93042a0,Oxygen,FALSE,25,7782-44-7,FALSE,VOLUME,NONE
67d5ba96-c898-56bf-bfc0-fb7bbc30d671,3dc2f76e-0d52-4577-8cad-5a22ade3987f,"Ditiophoshor acid O,O-diC1-14-alkilester. zinc salt",FALSE,1,68649-42-3,FALSE,WEIGHT,NONE
d3862910-3714-58c7-b464-fe0d5363749d,3dc2f76e-0d52-4577-8cad-5a22ade3987f,Clacium long-chain alkylphenate sulfide,FALSE,0.52,,TRUE,WEIGHT,NONE
2d268809-5ba5-507d-a4ad-654574ad0c70,3dc2f76e-0d52-4577-8cad-5a22ade3987f,Calcium long-chain alkaryl sulfonate,FALSE,0.52,,TRUE,WEIGHT,NONE
cee70c7b-1b50-5070-a42d-b001a566870a,3dc2f76e-0d52-4577-8cad-5a22ade3987f,Alkaryl amine,FALSE,0.52,,TRUE,WEIGHT,NONE
72d2653a-5dfe-5fa5-872e-363ff2bf4f65,3dc2f76e-0d52-4577-8cad-5a22ade3987f,p-dodecilphenol,FALSE,0.05,104-43-8,FALSE,WEIGHT,NONE
44ab94ae-ed95-5ce5-93ea-c6264e123737,3dc2f76e-0d52-4577-8cad-5a22ade3987f,Alkoxylated long-chain alkyl alcohol,FALSE,0.05,,TRUE,WEIGHT,NONE
50f95e73-7d37-52d0-921e-a6d5324dfa8c,32a53778-ad81-471c-b055-e06e07fe1515,Lubricating Base Stocks,FALSE,100,,TRUE,WEIGHT,NONE
2c4feb73-0a50-5283-947a-cda1a1dc4b00,5ff7449f-f93c-4e70-809a-646f42bc980f,"ARGON, REFRIGERATED LIQUID",FALSE,75,7440-37-1,FALSE,VOLUME,NONE
0a26ffcf-3f4d-5f2d-9d45-5344e360a33e,5ff7449f-f93c-4e70-809a-646f42bc980f,Carbon Dioxide,FALSE,25,124-38-9,FALSE,VOLUME,NONE
ef357771-2dc7-5abe-9c6e-97e2e254f284,51e576f9-66ba-4671-9b44-c30bef797499,Lead,FALSE,34,7439-92-1,FALSE,WEIGHT,NONE
d5c85946-ba63-57ed-839e-32698a80a6e2,51e576f9-66ba-4671-9b44-c30bef797499,Lead Oxide,FALSE,31,1309-60-0,FALSE,WEIGHT,NONE
b113274d-64be-5981-9375-621b8e548a4c,51e576f9-66ba-4671-9b44-c30bef797499,Lead Sulfate (Anglesite),FALSE,1,7446-14-2,FALSE,WEIGHT,NONE
41d16cd7-b39d-5344-9f15-278da7376d7a,51e576f9-66ba-4671-9b44-c30bef797499,Battery Electrolyte (Sulfuric Acid (35%)),TRUE,34,7664-93-9,FALSE,WEIGHT,NONE
e40e6eb6-9e92-5556-a78f-be0cc14a6a10,4c96bad4-8a8a-437f-b7f4-60df447776fc,Ethylene Glycol,FALSE,50,107-21-1,FALSE,WEIGHT,NONE
8cecd4bb-e611-561f-ae86-11b0a1516f1d,4c96bad4-8a8a-437f-b7f4-60df447776fc,Diethylene Glycol,FALSE,3,111-46-6,FALSE,WEIGHT,NONE
ab8bf131-f1ea-5806-b9cd-8127e9494647,4c96bad4-8a8a-437f-b7f4-60df447776fc,"Hydrated inorganic acid, organic acid salts",FALSE,5,,TRUE,WEIGHT,NONE
be2b0201-8f5e-5342-9255-3443c4c387b6,4c96bad4-8a8a-437f-b7f4-60df447776fc,Water,FALSE,55,7732-18-5,FALSE,WEIGHT,NONE
18e8d8cd-50c7-522e-b6b1-88d5ff09a2a5,9aa60d8c-076e-4f86-83c7-06198f950f7b,"Petroleum distillates, hydrotreated heavy paraffinic",FALSE,100,64742-54-7,FALSE,WEIGHT,NONE
d2613574-782d-572d-a13c-890066ad4bcc,9aa60d8c-076e-4f86-83c7-06198f950f7b,"2,6-Di-tert-butylphenol",FALSE,1,128-39-2,FALSE,WEIGHT,NONE
f5088a6b-21bb-50a4-b377-2c9309d5c522,20dd10d9-76ab-48bf-aba0-c4173e0ee89b,Lubricating Base Stocks,FALSE,100,,TRUE,WEIGHT,NONE
67d39346-c625-5731-bac1-5517c656d2fd,100c46da-68b2-45d4-a47d-2a8b38230715,DIPHENYLAMINE,FALSE,0.3,122-39-4,FALSE,WEIGHT,NONE
03dbb6c7-b615-57c7-90e5-3c061ad3cb0f,100c46da-68b2-45d4-a47d-2a8b38230715,"N,N-bis(2-ETHYLHEXYL)-((1,2,4-TRIAZOL-1-YL)METHYL)AMINE",FALSE,0.3,91273-04-0,FALSE,WEIGHT,NONE
79884a54-bba0-5694-ae30-d40f8ce6b0d4,100c46da-68b2-45d4-a47d-2a8b38230715,"PHOSPHORODITHIOIC ACID, MIXED O,O-BIS (1,3-DIMETHYLBUTYL AND ISO-PR)ESTERS, ZINC SALTS",FALSE,0.3,,TRUE,WEIGHT,NONE
65f97347-aac3-5787-9c01-983e0a75a7fe,100c46da-68b2-45d4-a47d-2a8b38230715,"REACTION PRODUCTS OF BENZENEAMINE, N-PHENYL- WITH NONENE (BRANCHED)",FALSE,3,,TRUE,WEIGHT,NONE
010e384d-1cc3-50af-950c-c654305c49a2,100c46da-68b2-45d4-a47d-2a8b38230715,"ZINC O,O,O',O'-TETRAKIS(1,3-DIMETHYLBUTYL) BIS(PHOSPHORODITHIOATE)",FALSE,0.3,,TRUE,WEIGHT,NONE
94c19ddd-5bf6-543d-b0ba-bcb8c28649a6,0923217c-cb92-48cd-88b2-1dfe09512683,"Petroleum distillates, hydrotreated heavy paraffinic",FALSE,90,64742-54-7,FALSE,WEIGHT,NONE
d6be8f12-334d-5f11-b056-be4147d37dee,cbaa07da-3a98-4d1b-8308-a7681be93319,water,FALSE,100,7732-18-5,FALSE,VOLUME,NONE
618a2e0e-5629-5d4e-bdf1-2083efbd8fb9,cbaa07da-3a98-4d1b-8308-a7681be93319,sodium hydrogencarbonate,FALSE,5,144-55-8,FALSE,VOLUME,NONE
42f77398-aba0-52d1-b1a3-745bb69c64f8,cbaa07da-3a98-4d1b-8308-a7681be93319,2-Propoxyethanol,FALSE,3,2807-30-9,FALSE,VOLUME,NONE
08bcecea-c627-5da2-893d-12ed467b4be0,cbaa07da-3a98-4d1b-8308-a7681be93319,Isopropyl alcohol,FALSE,1.5,67-63-0,FALSE,VOLUME,NONE
f66c4dba-a328-54f4-9080-e135438645db,9750b0c1-c9cb-4527-8e4e-add1e05db280,"Distillates (petroleum), hydrotreated heavy paraffinic",FALSE,90,64742-54-7,FALSE,WEIGHT,NONE
f66c4dba-a328-54f4-9080-e135438645db,9750b0c1-c9cb-4527-8e4e-add1e05db280,"Distillates (petroleum), hydrotreated heavy paraffinic",FALSE,25,64742-54-7,FALSE,WEIGHT,NONE
80eb7352-f1b1-51ba-b865-64bf66c6460e,ab742f24-4cfb-4bf1-b651-968fe83a3911,Triethylene Glycol Monomethyl Ether,FALSE,50,112-35-6,FALSE,WEIGHT,NONE
460cfd70-1c02-57bb-a910-06129ea0513d,ab742f24-4cfb-4bf1-b651-968fe83a3911,Triethyleneglycol Monoethyl Ether,FALSE,50,112-50-5,FALSE,WEIGHT,NONE
56ea134f-3cd7-5e19-b1b0-3faa9365c45a,ab742f24-4cfb-4bf1-b651-968fe83a3911,Triethylene Glycol Monobutyl Ether,FALSE,50,143-22-6,FALSE,WEIGHT,NONE
6abb9437-f097-57be-b30d-431ecac423d2,ab742f24-4cfb-4bf1-b651-968fe83a3911,"3,6,9,12-Tetraoxahexadecane-1-ol",FALSE,20,1559-34-8,FALSE,WEIGHT,NONE
a99e50da-a5b5-58ba-b229-d1627568e789,ab742f24-4cfb-4bf1-b651-968fe83a3911,Polyethylene Glycol 200-600,FALSE,20,25322-68-3,FALSE,WEIGHT,NONE
68bfd665-e8ff-56cd-948d-3805f41b8c5d,ab742f24-4cfb-4bf1-b651-968fe83a3911,2-(2-Butoxyethoxy) Ethanol,FALSE,20,112-34-5,FALSE,WEIGHT,NONE
b0079b31-7af0-56b3-a2ac-9295168c7b89,ab742f24-4cfb-4bf1-b651-968fe83a3911,Tetraethylene Glycol Monomethyl Ether,FALSE,20,23783-42-8,FALSE,WEIGHT,NONE
15aa79d6-a3ba-5f33-9929-80f96905c36e,ab742f24-4cfb-4bf1-b651-968fe83a3911,"Oxirane, 2-Methyl-, Polymer with Oxirane, Monobutyl Ether",FALSE,20,9038-95-3,FALSE,WEIGHT,NONE
04a55fec-10a9-5c18-824c-1d53459a5b83,ab742f24-4cfb-4bf1-b651-968fe83a3911,Polyalkylene Glycol Monobutyl Ether,FALSE,20,9004-77-7,FALSE,WEIGHT,NONE
2394bb2f-3ba8-51d5-ba4a-8799cfa68cca,ab742f24-4cfb-4bf1-b651-968fe83a3911,Diethylene Glycol,FALSE,15,111-46-6,FALSE,WEIGHT,NONE
e143c74a-dabd-5734-8016-6d9f43925b8f,ab742f24-4cfb-4bf1-b651-968fe83a3911,Diethylene Glycol Monomethyl Ether,FALSE,5,111-77-3,FALSE,WEIGHT,NONE
ca189e4e-e056-5af8-bac3-abc96c418c49,ab742f24-4cfb-4bf1-b651-968fe83a3911,Diethyleneglycolmonoethyl Ether,FALSE,5,111-90-0,FALSE,WEIGHT,NONE
c0c85a13-547f-5fe6-a8cd-5ef3b958330b,ab742f24-4cfb-4bf1-b651-968fe83a3911,Trade Secret Inhibitor Package,FALSE,3,Trade Secret,TRUE,WEIGHT,NONE
548de1ea-ae96-5b80-b453-0ad886256e81,e667df04-7cf4-4542-a497-e9c9e569644e,"Triethylene glycol, monobutyl ether",FALSE,85,143-22-6,FALSE,VOLUME,NONE
f822b152-e281-5a63-9142-fb20120d0230,e667df04-7cf4-4542-a497-e9c9e569644e,Diethylene glycol,FALSE,40,111-46-6,FALSE,VOLUME,NONE
01a43fa6-24b4-5aa6-8ddd-5a64f6677546,e667df04-7cf4-4542-a497-e9c9e569644e,Diethylene glycol monobutyl ether,FALSE,20,112-34-5,FALSE,VOLUME,NONE
9e337b4b-d62a-5b70-93bc-542d7614b439,e667df04-7cf4-4542-a497-e9c9e569644e,Triethylene glycol,FALSE,5,112-27-6,FALSE,VOLUME,NONE
f3d1b625-f5aa-5b99-8dd0-b6b90d7ec933,ca496247-83b1-4e53-b780-bdd19d4b3d91,Benzyl acetate,FALSE,10,140-11-4,FALSE,WEIGHT,NONE
1c9cfca6-9542-56f7-87fd-f31b6f07f345,ca496247-83b1-4e53-b780-bdd19d4b3d91,Diphenyl ether,FALSE,5,101-84-8,FALSE,WEIGHT,NONE
86c33bfb-13b4-5647-bd79-cf8cf63c302d,ca496247-83b1-4e53-b780-bdd19d4b3d91,Citral,FALSE,1.5,5392-40-5,FALSE,WEIGHT,NONE